Nombre|Conductor|Anexo|Placa|Lat|Lon|Ubicacion|Ciudad|Poblacion Cercana|Punto de Interes|Lugar|Evento|kph|Hora Reporte|Rumbo
BMV19H|Hector Hernando Gomez Merchan||BMV19H|4.406237|-73.938058|A 435 m. de Barrio El Palmar|Cáqueza - Cundinamarca|959 m. E.: Cáqueza, Cundinamarca|435 m. NE.: Barrio El Palmar|En: ENE 6234 OPEX SOT-SOC|Hibernacion|0|2026-06-08 14:13:22|303
BMV20H|Rigoberto Martinez Lozano||BMV20H|4.41168|-73.952956|Cl8 7 696|Cáqueza - Cundinamarca|967 m. NW.: Cáqueza, Cundinamarca|328 m. S.: Retén Militar|En: ENE 6234 OPEX SOT-SOC|Hibernacion|0|2026-06-08 12:37:37|125
BVJ95G|||BVJ95G|4.591748|-74.229053|Cl5aSur 18j 133|Soacha - Cundinamarca|1.6 Km. NW.: Soacha, Cundinamarca|91 m. SW.: Conjunto La Grandeza 2|94.8 Km. SE.: CENIT ESTACIONES-PUERTO SALGAR|Hibernacion|0|2026-06-08 13:27:19|240
CUD86I|||CUD86I|4.577367|-74.210286|Kr5aEste 22 12|Soacha - Cundinamarca|1.1 Km. SE.: Soacha, Cundinamarca|16 m. E.: Chance Paga Todo Cl22|En: CENIT ESTACIONES-PUERTO SALGAR|Hibernacion|0|2026-06-08 14:47:06|267
DHQ25I|||DHQ25I|4.636801|-74.115131|Kr65b 13 62|Bogotá D.C. - Cundinamarca|1.8 Km. SW.: Bogotá D.C., Cundinamarca|27 m. NE.: Fraco Fábrica Colombiana de Repuestos Aut|En: ENE 6234 OPEX SOT-SOC|Hibernacion|0|2026-06-07 07:45:44|0
DMO583|||DMO583|7.018192|-73.807136|Km 5 Barrancabermeja-Troncal Magdalena|Barrancabermeja - Santander|298 m. W.: Los Laureles, Barrancabermeja, Santander|294 m. NW.: Halliburton|En: CONSORCIO TABARCA-BARRANCABERMEJA|TDR Apagado|0|2026-06-08 14:47:19|311
DUZ56G|||DUZ56G|4.765668|-74.050901|Cl186 55b 53|Bogotá D.C. - Cundinamarca|4.6 Km. NE.: Suba, Bogotá D.C., Cundinamarca|9 m. S.: Restaurante Chispa Americana|En: ENE 6234 OPEX SOT-SOC|Hibernacion|1|2026-06-08 13:43:48|56
EQZ817|||EQZ817|4.75422|-74.151643|PR 140 Km3 Bogota - El Rosal|Cota - Cundinamarca|6.7 Km. NW.: Engativá, Bogotá D.C., Cundinamarca|77 m. SW.: Eagle Equipment And Parts Llc|En: CENIT ESTACIONES-PUERTO SALGAR|TDR Apagado|0|2026-03-03 07:37:00|0
ESX962|||ESX962|4.410574|-73.929292|PR 29 Km29 Bogota - Villavicencio|Cáqueza - Cundinamarca|2.0 Km. E.: Cáqueza, Cundinamarca|558 m. W.: Montallantas Km18|En: ENE 6234 OPEX SOT-SOC|TDR Apagado|0|2026-06-08 14:48:49|7
EYZ521|||EYZ521|8.635432|-72.732372|Kr3 2 73|Tibú - Norte de Santander|970 m. SE.: Tibú, Norte de Santander|57 m. SW.: Colegio Francisco Jose de Caldas|En: PARQUEDERO TIBÚ|TDR Apagado|0|2026-06-08 14:58:00|180
EYZ587|||EYZ587|8.635336|-72.732443|Kr4 2 66|Tibú - Norte de Santander|973 m. SE.: Tibú, Norte de Santander|69 m. SW.: Colegio Francisco Jose de Caldas|En: PARQUEDERO TIBÚ|TDR Apagado|0|2026-06-08 15:00:17|257
EYZ828|||EYZ828|8.635232|-72.732422|Kr4 2 52|Tibú - Norte de Santander|984 m. SE.: Tibú, Norte de Santander|74 m. SW.: Colegio Francisco Jose de Caldas|En: PARQUEDERO TIBÚ|TDR Apagado|0|2026-06-08 14:55:37|345
EYZ857|Gabriel Angel Quintero Ropero||EYZ857|8.176292|-72.553986||El Zulia - Norte de Santander|6.8 Km. W.: La Buena Esperanza, Cúcuta, Norte de Santander|8.3 Km. W.: Efecty|32.4 Km. N.: ECOPETROL VRC-ORIPAYA CÚCUTA|TDR Encendido|6|2026-06-08 15:01:28|202
EYZ893|||EYZ893|8.63525|-72.73218|Kr3 2 43|Tibú - Norte de Santander|998 m. SE.: Tibú, Norte de Santander|54 m. SW.: Colegio Francisco Jose de Caldas|En: PARQUEDERO TIBÚ|TDR Apagado|0|2026-06-08 14:54:43|286
EZK035|||EZK035|8.64209|-72.704004|A 2992 m. de Aeropuerto Tibu|Tibú - Norte de Santander|3.7 Km. E.: Tibú, Norte de Santander|3.0 Km. NE.: Aeropuerto Tibu|En: ECOPETROL VRC_GCT_CATATUMBO (TIBÚ)|Log Out|0|2026-06-08 15:00:01|169
EZK084|||EZK084|8.641576|-72.70439|A 2931 m. de Aeropuerto Tibu|Tibú - Norte de Santander|3.7 Km. E.: Tibú, Norte de Santander|2.9 Km. NE.: Aeropuerto Tibu|En: ECOPETROL VRC_GCT_CATATUMBO (TIBÚ)|TDR Apagado|0|2026-06-08 15:01:28|188
EZK146|||EZK146|8.635336|-72.732337|Kr3 2 61|Tibú - Norte de Santander|980 m. SE.: Tibú, Norte de Santander|59 m. SW.: Colegio Francisco Jose de Caldas|En: PARQUEDERO TIBÚ|TDR Apagado|0|2026-06-08 14:53:53|339
FDU03I|||FDU03I|4.584481|-74.078712|Kr4 1b 21|Bogotá D.C. - Cundinamarca|1.5 Km. SW.: La Candelaria, Bogotá D.C., Cundinamarca|134 m. NW.: Comidas Rápidas La Pizzería|En: ENE 6234 OPEX SOT-SOC|Hibernacion|0|2026-06-08 14:52:45|0
FFA64I|||FFA64I|4.575745|-74.212103|Cl16 4Este 44|Soacha - Cundinamarca|1.0 Km. SE.: Soacha, Cundinamarca|44 m. N.: Amaranto Real Conjunto Residencial|En: CENIT ESTACIONES-PUERTO SALGAR|GPS Adquirido|0|2026-06-08 14:37:53|0
FSO042|||FSO042|7.34869|-73.902568||Puerto Wilches - Santander|1.2 Km. N.: Puerto Wilches, Santander|22.3 Km. NW.: Ferrocarriles Nacionales De Colombia|En: ECOPETROL VRC-RIO CANTAGALLO|TDR Apagado|0|2026-06-08 14:54:36|358
FSP005|||FSP005|6.91145|-73.770184|Km 6 Troncal Magdalena-Barrancabermeja|Barrancabermeja - Santander|12.6 Km. S.: Los Laureles, Barrancabermeja, Santander|3.6 Km. NW.: Montallantas Opincito|En: ECOPETROL VRC_GCI_LA CIRA|TDR Apagado|0|2026-06-08 14:48:30|0
FST050|||FST050|6.977546|-73.782366|Km 11 Barrancabermeja-Troncal Magdalena|Barrancabermeja - Santander|5.2 Km. SE.: Los Laureles, Barrancabermeja, Santander|2.9 Km. NE.: Hacienda La India|En: ECOPETROL VRC_GCI_LA CIRA|TDR Apagado|0|2026-06-08 14:48:22|310
FST449|||FST449|6.956484|-73.763809||Barrancabermeja - Santander|8.3 Km. SE.: Los Laureles, Barrancabermeja, Santander|4.8 Km. E.: Hacienda La India|En: ECOPETROL VRC_GCI_LA CIRA|TDR Apagado|0|2026-06-08 14:57:21|61
GHP401|||GHP401|6.943739|-73.758387||Barrancabermeja - Santander|9.8 Km. SE.: Los Laureles, Barrancabermeja, Santander|5.9 Km. SE.: Hacienda La India|En: ECOPETROL VRC_GCI_LA CIRA|TDR Apagado|0|2025-02-09 17:57:31|12
GHP708|||GHP708|6.936274|-73.767239|Rotonda|Barrancabermeja - Santander|10.1 Km. SE.: Los Laureles, Barrancabermeja, Santander|5.5 Km. SE.: Hacienda La India|En: ECOPETROL VRC_GCI_LA CIRA|Log Out|0|2026-05-25 05:57:21|152
GJN99I|||GJN99I|4.749853|-74.044846|Kr22 168 50|Bogotá D.C. - Cundinamarca|4.4 Km. E.: Suba, Bogotá D.C., Cundinamarca|8 m. NE.: Taller Autosmarca|En: ENE 6234 OPEX SOT-SOC|Hibernacion|0|2026-06-08 14:30:31|165
GJV36I|||GJV36I|4.767567|-74.055442|Cl183 67 54|Bogotá D.C. - Cundinamarca|4.3 Km. NE.: Suba, Bogotá D.C., Cundinamarca|83 m. NE.: Colegio Inglaterra Real Bilingüe|En: ENE 6234 OPEX SOT-SOC|Hibernacion|0|2026-06-08 13:58:13|0
GKP994|||GKP994|6.932612|-73.757762||Barrancabermeja - Santander|10.9 Km. SE.: Los Laureles, Barrancabermeja, Santander|5.5 Km. N.: Montallantas Opincito|En: ECOPETROL VRC_GCI_LA CIRA|TDR Apagado|0|2026-06-08 14:50:52|235
GKV793|||GKV793|6.95554|-73.772134|Km 12 Troncal Magdalena-Barrancabermeja|Barrancabermeja - Santander|7.9 Km. SE.: Los Laureles, Barrancabermeja, Santander|4.0 Km. E.: Hacienda La India|En: VRC Base Gran Estación Centro|Reconexion Equipo|0|2026-06-06 09:44:24|91
GLR384|||GLR384|7.07978|-73.849396|Kr30 76a 45|Barrancabermeja - Santander|2.2 Km. N.: Barrancabermeja, Santander|374 m. NE.: Droguería Farma Lap2|En: CALIBRATION SERVICES|TDR Apagado|0|2026-06-08 14:53:36|30
GOC19G|||GOC19G|4.569225|-74.170935|Cl81Sur 44a 28|Bogotá D.C. - Cundinamarca|1.9 Km. SW.: Ciudad Bolívar, Bogotá D.C., Cundinamarca|57 m. NE.: JArdín Infantil Mis Pequeñas Travesuras|76.2 Km. W.: ENE 6234 OPEX SOT-SOC|Hibernacion|1|2026-06-08 13:12:41|322
GQV131|Ronald Alexander Rojas Rondon||GQV131|6.980189|-73.781997|Km 11 Barrancabermeja-Troncal Magdalena|Barrancabermeja - Santander|5.0 Km. SE.: Los Laureles, Barrancabermeja, Santander|3.0 Km. NE.: Hacienda La India|En: ECOPETROL VRC_GCI_LA CIRA|TDR Encendido|56|2026-06-05 11:19:02|163
GQV768|Jainer Rodriguez Otalora||GQV768|7.082945|-73.840554|A 111 m. de Restaurante El Punto del Sabor|Barrancabermeja - Santander|2.9 Km. NE.: Barrancabermeja, Santander|111 m. NE.: Restaurante El Punto del Sabor|En: CONSORCIO TABARCA-BARRANCABERMEJA|TDR Encendido-No GSM|4|2026-06-06 12:52:32|274
GQV886|||GQV886|8.635324|-72.732375|Kr3 2 61|Tibú - Norte de Santander|979 m. SE.: Tibú, Norte de Santander|63 m. SW.: Colegio Francisco Jose de Caldas|En: PARQUEDERO TIBÚ|TDR Apagado|0|2026-06-08 14:52:33|316
GQW076|||GQW076|6.955624|-73.77217|Km 12 Troncal Magdalena-Barrancabermeja|Barrancabermeja - Santander|7.9 Km. SE.: Los Laureles, Barrancabermeja, Santander|4.0 Km. E.: Hacienda La India|En: VRC Base Gran Estación Centro|TDR Apagado|0|2026-06-08 14:46:02|296
GQW223|||GQW223|7.394461|-73.498455|Kr18 13 39|Sábana de Torres - Santander|180 m. E.: Sabana de Torres, Sábana de Torres, Santander|270 m. SE.: Cementerio Sabana de Torres|En: ECOPETROL VRC_GMA_MARES CENTRO|TDR Apagado|0|2026-06-08 14:58:34|75
GQW269|||GQW269|8.635251|-72.732401|Kr3 2 55|Tibú - Norte de Santander|984 m. SE.: Tibú, Norte de Santander|71 m. SW.: Colegio Francisco Jose de Caldas|En: PARQUEDERO TIBÚ|TDR Apagado|0|2026-06-08 14:53:56|96
GQW379|||GQW379|6.955737|-73.772177|Km 12 Troncal Magdalena-Barrancabermeja|Barrancabermeja - Santander|7.9 Km. SE.: Los Laureles, Barrancabermeja, Santander|4.0 Km. E.: Hacienda La India|En: VRC Base Gran Estación Centro|TDR Apagado|0|2026-06-08 14:45:15|348
GQW746|||GQW746|7.023236|-73.576346|A 2684 m. de Hacienda La Vizcaina|San Vicente de Chucurí - Santander|12.5 Km. S.: La Fortuna, Barrancabermeja, Santander|2.7 Km. NW.: Hacienda La Vizcaina|En: ECOPETROL VRC_GMA_MARES CENTRO|TDR Apagado|0|2026-06-08 14:59:58|86
GSN329|||GSN329|7.077225|-73.841881|Dg60 36 196|Barrancabermeja - Santander|2.3 Km. NE.: Barrancabermeja, Santander|84 m. N.: Panadería Trigopan|En: CONSORCIO TABARCA-BARRANCABERMEJA|TDR Apagado|0|2026-06-08 14:47:40|70
GSN615|||GSN615|5.335524|-72.383101|Cl30 28c 19|Yopal - Casanare|2.4 Km. SE.: Yopal, Casanare|14 m. E.: Ambiente y Estilo Muebles|En: ECOPETROL CUPIAGUA-AGUAZUL|TDR Apagado|0|2026-06-08 14:55:03|77
GSN630|||GSN630|4.67957|-74.107995|Cl63c 76b 18|Bogotá D.C. - Cundinamarca|3.2 Km. S.: Engativá, Bogotá D.C., Cundinamarca|54 m. SW.: Cigarrería Sanborns|En: ENE 6234 OPEX SOT-SOC|TDR Apagado|0|2026-06-08 14:57:11|208
GSN681|||GSN681|4.932665|-74.130662|Km4 Subachoque - Tabio|Subachoque - Cundinamarca|3.2 Km. NE.: Galdamez, Subachoque, Cundinamarca|3.2 Km. W.: Termales Tabio|En: CENIT ESTACIONES-PUERTO SALGAR|TDR Apagado|0|2026-06-08 14:53:28|186
GSO603|||GSO603|7.884214|-72.461355|A 271 m. de Motel San Juanito|Villa Del Rosario - Norte de Santander|4.6 Km. N.: Villa del Rosario, Villa Del Rosario, Norte de Santander|271 m. E.: Motel San Juanito|En: ECOPETROL VRC-ORIPAYA CÚCUTA|TDR Apagado|0|2026-06-08 14:57:50|227
GSO698|Saul  Mejia Varon||GSO698|4.742928|-74.037488|Cl164 15 65|Bogotá D.C. - Cundinamarca|5.1 Km. E.: Suba, Bogotá D.C., Cundinamarca|55 m. W.: Toyo Rancing|En: ENE 6234 OPEX SOT-SOC|TDR Apagado|0|2026-06-06 12:58:52|0
GUR715|||GUR715|4.410535|-73.929162|PR 29 Km29 Bogota - Villavicencio|Cáqueza - Cundinamarca|2.0 Km. E.: Cáqueza, Cundinamarca|545 m. W.: Montallantas Km18|En: ENE 6234 OPEX SOT-SOC|TDR Apagado|0|2026-06-08 14:51:24|357
GVX979|||GVX979|4.513879|-73.353367|Kr5 16 163|Medina - Cundinamarca|723 m. NW.: Medina, Cundinamarca|3.1 Km. N.: Aeropuerto Medina|En: ENE 6234 OPEX SOT-SOC|TDR Apagado|0|2026-06-08 14:58:42|37
GXI17I|||GXI17I|4.593533|-74.190357|Kr4 53 171|Soacha - Cundinamarca|1.9 Km. S.: Bosa, Bogotá D.C., Cundinamarca|16 m. S.: Kraf Impresión Digital|En: CENIT ESTACIONES-PUERTO SALGAR|TDR Encendido|49|2026-06-05 21:01:30|243
GXM49I|||GXM49I|4.625469|-74.193991|Kr88c 63Sur 35|Bogotá D.C. - Cundinamarca|2.0 Km. NW.: Bosa, Bogotá D.C., Cundinamarca|50 m. N.: Droguería Mi Farmacia Ar|80.0 Km. W.: ENE 6234 OPEX SOT-SOC|GPS Adquirido|0|2026-06-08 10:57:02|315
GYR942|||GYR942|7.39417|-73.498325|Kr18 13 77|Sábana de Torres - Santander|203 m. E.: Sabana de Torres, Sábana de Torres, Santander|301 m. SE.: Cementerio Sabana de Torres|En: ECOPETROL VRC_GMA_MARES CENTRO|TDR Apagado|0|2026-06-08 14:48:41|37
GYU556|||GYU556|8.003657|-73.508135|Kr15 15a 10|San Martín - Cesar|515 m. E.: San Martín, Cesar|261 m. NE.: Colegio Iesmat|En: ECOPETROL VRC_GMA_MARES CENTRO|TDR Apagado|0|2026-06-08 15:01:03|39
GYY463|||GYY463|7.225735|-72.898107|Km Berlín - Vetas|Tona - Santander|4.9 Km. NW.: Berlín, Tona, Santander|4.9 Km. NW.: Iglesia Berlín|131.2 Km. E.: CENIT ESTACIONES-SEBASTOPOL|TDR Encendido-No GSM|19|2026-06-08 13:21:17|56
GYY559|Sergio Andres Torres Vanegas||GYY559|7.019686|-73.919582|Via Alterna Yondó - Barranbermeja|Yondó - Antioquia|2.1 Km. NW.: Casabe, Yondó, Antioquia|631 m. NE.: Estación de Recolección y Tratamiento No.1|En: ECOPETROL VRC-RIO CASABE|TDR Encendido-No GSM|0|2026-06-08 15:00:13|0
GZH37G|||GZH37G|4.757722|-74.10951|Cl146 138a 2|Bogotá D.C. - Cundinamarca|3.4 Km. NW.: Suba, Bogotá D.C., Cundinamarca|86 m. NW.: Conjunto Residencial Reserva Fontanar|76.6 Km. NW.: ENE 6234 OPEX SOT-SOC|Hibernacion|0|2026-06-08 13:24:37|0
GZN239|||GZN239|7.39421|-73.498359|Kr18 13 71|Sábana de Torres - Santander|198 m. E.: Sabana de Torres, Sábana de Torres, Santander|296 m. SE.: Cementerio Sabana de Torres|En: ECOPETROL VRC_GMA_MARES CENTRO|TDR Apagado|0|2026-06-08 14:53:12|144
GZN373|||GZN373|8.641975|-72.704229|A 2964 m. de Aeropuerto Tibu|Tibú - Norte de Santander|3.7 Km. E.: Tibú, Norte de Santander|3.0 Km. NE.: Aeropuerto Tibu|En: ECOPETROL VRC_GCT_CATATUMBO (TIBÚ)|TDR Apagado|0|2026-06-08 14:53:37|9
GZO485|||GZO485|6.964366|-73.781857|A 2705 m. de Hacienda La India|Barrancabermeja - Santander|6.6 Km. SE.: Los Laureles, Barrancabermeja, Santander|2.7 Km. E.: Hacienda La India|En: ECOPETROL VRC_GCI_LA CIRA|TDR Apagado|0|2026-06-08 14:54:35|87
GZO900|||GZO900|6.928707|-73.773691||Barrancabermeja - Santander|10.6 Km. S.: Los Laureles, Barrancabermeja, Santander|5.5 Km. NW.: Montallantas Opincito|En: ECOPETROL VRC_GCI_LA CIRA|TDR Apagado|0|2026-06-08 14:53:58|241
GZW188|||GZW188|7.39416|-73.498312|Kr18 13 79|Sábana de Torres - Santander|205 m. E.: Sabana de Torres, Sábana de Torres, Santander|303 m. SE.: Cementerio Sabana de Torres|En: ECOPETROL VRC_GMA_MARES CENTRO|TDR Apagado|0|2026-06-08 14:47:14|315
HFZ172|||HFZ172|4.40574|-73.947965|Kr5 4 97|Cáqueza - Cundinamarca|142 m. W.: Cáqueza, Cundinamarca|12 m. W.: Hotel La Puerta del Llano|En: ENE 6234 OPEX SOT-SOC|TDR Apagado|0|2026-06-08 14:58:29|209
HVX25H|||HVX25H|4.587378|-74.168051|Cl63Sur 72 53|Bogotá D.C. - Cundinamarca|1.5 Km. NW.: Ciudad Bolívar, Bogotá D.C., Cundinamarca|46 m. N.: Panadería Johana|En: CENIT ESTACIONES-PUERTO SALGAR|Hibernacion|0|2026-06-08 14:52:58|235
IBS01G|||IBS01G|5.07047|-73.88672|Cl8s 6 103|Nemocón - Cundinamarca|773 m. NW.: Nemocón, Cundinamarca|321 m. N.: Estación de Servicio Terpel Principal Nemocón|58.4 Km. SW.: OCENSA GEOTECNIA|Hibernacion|0|2026-06-08 13:46:41|238
IDZ623|||IDZ623|4.636859|-74.114989|Kr65b 13 68|Bogotá D.C. - Cundinamarca|1.8 Km. SW.: Bogotá D.C., Cundinamarca|43 m. SW.: Texilast|En: ENE 6234 OPEX SOT-SOC|TDR Apagado|1|2026-06-08 14:53:29|86
IEW40G|||IEW40G|4.545493|-74.093609|Cl44aSur 5Este 61|Bogotá D.C. - Cundinamarca|1.5 Km. S.: San Cristóbal, Bogotá D.C., Cundinamarca|80 m. NW.: Barrio San Jacinto|En: ENE 6234 OPEX SOT-SOC|Hibernacion|0|2026-06-08 14:21:41|127
IHV61F|||IHV61F|4.69728|-74.097185|Kr78a 76 70|Bogotá D.C. - Cundinamarca|2.0 Km. SE.: Engativá, Bogotá D.C., Cundinamarca|34 m. S.: Miscelánea Papelería Huellas de Vida|En: ENE 6234 OPEX SOT-SOC|Hibernacion|0|2026-06-08 14:58:18|40
JKW967|||JKW967|7.018397|-73.807287|Km 4 Barrancabermeja-Troncal Magdalena|Barrancabermeja - Santander|306 m. W.: Los Laureles, Barrancabermeja, Santander|310 m. NE.: Motel El Jardín|En: CONSORCIO TABARCA-BARRANCABERMEJA|TDR Apagado|0|2026-06-08 14:56:23|23
JOU738|||JOU738|4.513767|-73.353308|Kr5 16 163|Medina - Cundinamarca|709 m. NW.: Medina, Cundinamarca|3.1 Km. N.: Aeropuerto Medina|En: ENE 6234 OPEX SOT-SOC|TDR Apagado|0|2026-06-08 14:56:46|226
JOU948|||JOU948|6.955731|-73.772161|Km 12 Troncal Magdalena-Barrancabermeja|Barrancabermeja - Santander|7.9 Km. SE.: Los Laureles, Barrancabermeja, Santander|4.0 Km. E.: Hacienda La India|En: VRC Base Gran Estación Centro|TDR Apagado|0|2026-06-08 14:59:19|205
JRN784|||JRN784|7.058675|-73.85147|Cl48 27 62|Barrancabermeja - Santander|321 m. SE.: Barrancabermeja, Santander|35 m. SW.: Taller Serviteka 28|En: CONSORCIO TABARCA-BARRANCABERMEJA|TDR Apagado|0|2026-06-08 14:52:16|204
JSL356|||JSL356|4.73067|-74.220705|Cl14 28a 1|Funza - Cundinamarca|1.8 Km. NW.: Funza, Cundinamarca|76 m. SW.: Estación de Servicio Brio Funza|81.8 Km. SE.: CENIT ESTACIONES-PUERTO SALGAR|TDR Apagado|0|2026-06-08 14:49:11|68
JSL414|||JSL414|4.742656|-74.037793|Cl163a 15 71|Bogotá D.C. - Cundinamarca|5.1 Km. E.: Suba, Bogotá D.C., Cundinamarca|42 m. E.: Justo y Bueno Orquideas|En: ENE 6234 OPEX SOT-SOC|TDR Apagado|0|2026-06-08 14:50:35|249
JTV356|||JTV356|7.348599|-73.902671||Puerto Wilches - Santander|1.1 Km. N.: Puerto Wilches, Santander|22.3 Km. NW.: Ferrocarriles Nacionales De Colombia|En: ECOPETROL VRC-RIO CANTAGALLO|TDR Apagado|0|2026-06-08 14:56:49|40
JTV613|||JTV613|7.066371|-73.855711|Cl57 21 12|Barrancabermeja - Santander|683 m. N.: Barrancabermeja, Santander|138 m. N.: Expendio Carnes D'K'Che|En: CONSORCIO TABARCA-BARRANCABERMEJA|TDR Apagado|0|2026-06-08 14:53:09|197
KMV844|||KMV844|7.010898|-73.792698|A 1336 m. de Estación de Servicio Biomax|Barrancabermeja - Santander|1.6 Km. SE.: Los Laureles, Barrancabermeja, Santander|1.3 Km. SE.: Estación de Servicio Biomax|En: ECOPETROL VRC_GCI_LA CIRA|TDR Apagado|0|2026-06-08 14:55:54|138
KOK546|||KOK546|4.742678|-74.037851|Kr16a 163a 50|Bogotá D.C. - Cundinamarca|5.1 Km. E.: Suba, Bogotá D.C., Cundinamarca|36 m. E.: Justo y Bueno Orquideas|En: ENE 6234 OPEX SOT-SOC|TDR Apagado|0|2026-06-08 14:50:06|193
KOV207|||KOV207|6.916669|-73.767084|Km 7 Troncal Magdalena-Barrancabermeja|Barrancabermeja - Santander|12.1 Km. S.: Los Laureles, Barrancabermeja, Santander|4.0 Km. N.: Montallantas Opincito|En: ECOPETROL VRC_GCI_LA CIRA|TDR Apagado|0|2026-06-08 10:12:43|0
KOV653|||KOV653|7.373235|-73.91636|Cl1 2 27|Cantagallo - Bolívar|971 m. S.: Cantagallo, Bolívar|25.5 Km. NW.: Ferrocarriles Nacionales De Colombia|En: VRC -  Cantagallo Parqueadero|TDR Apagado|0|2026-06-08 14:51:51|120
KOX201|||KOX201|7.327726|-73.453457|A 1516 m. de Hacienda Buenos Aires|Sábana de Torres - Santander|9.1 Km. SE.: Sabana de Torres, Sábana de Torres, Santander|1.5 Km. SW.: Hacienda Buenos Aires|En: ECOPETROL VRC_GMA_MARES CENTRO|TDR Apagado|0|2026-06-08 14:55:51|0
KOX517|||KOX517|7.393945|-73.498422|Kr18 13 101|Sábana de Torres - Santander|203 m. SE.: Sabana de Torres, Sábana de Torres, Santander|309 m. SE.: Cementerio Sabana de Torres|En: ECOPETROL VRC_GMA_MARES CENTRO|TDR Apagado|0|2026-06-08 14:49:26|265
KOX549|||KOX549|6.997852|-73.909974|A 612 m. de Acceso Zona Industrial Ecopetrol Casabe|Yondó - Antioquia|604 m. S.: Casabe, Yondó, Antioquia|612 m. S.: Acceso Zona Industrial Ecopetrol Casabe|En: ECOPETROL VRC-RIO CASABE|TDR Apagado|0|2025-08-26 09:49:45|182
KOX551|||KOX551|7.007149|-73.913731|Cl51 56 27|Yondó - Antioquia|544 m. NW.: Casabe, Yondó, Antioquia|147 m. NW.: Estación de Servicio Terpel|En: ECOPETROL VRC-RIO CASABE|TDR Apagado|0|2026-06-08 14:47:15|246
KOX567|Yurley Estela Diaz Cortes||KOX567|6.964943|-73.775289|Km 13 Troncal Magdalena-Barrancabermeja|Barrancabermeja - Santander|6.8 Km. SE.: Los Laureles, Barrancabermeja, Santander|3.4 Km. E.: Hacienda La India|En: ECOPETROL VRC_GCI_LA CIRA|TDR Apagado|0|2026-06-08 14:49:06|273
KOX892|||KOX892|7.017498|-73.808135|Km 4 Barrancabermeja-Troncal Magdalena|Barrancabermeja - Santander|430 m. SW.: Los Laureles, Barrancabermeja, Santander|176 m. NE.: Motel El Jardín|En: CONSORCIO TABARCA-BARRANCABERMEJA|TDR Apagado|0|2026-06-08 15:01:25|0
KOY513|||KOY513|6.999788|-73.777648|Km 9 Barrancabermeja-Troncal Magdalena|Barrancabermeja - Santander|3.7 Km. SE.: Los Laureles, Barrancabermeja, Santander|2.6 Km. SW.: Hacienda Portugal|En: ECOPETROL VRC_GCI_LA CIRA|TDR Apagado|0|2026-06-08 14:54:00|199
KOY804|||KOY804|7.079435|-73.854653|Cl76 19 12|Barrancabermeja - Santander|2.1 Km. N.: Barrancabermeja, Santander|130 m. NE.: Hospedaje Eris|En: CONSORCIO TABARCA-BARRANCABERMEJA|TDR Apagado|0|2026-06-08 14:51:20|66
KRN89G|||KRN89G|4.75185|-74.08931|Cl152b 100a 61|Bogotá D.C. - Cundinamarca|1.4 Km. NW.: Suba, Bogotá D.C., Cundinamarca|38 m. SE.: Conjunto Residencial Pinar de La Fontana|74.3 Km. NW.: ENE 6234 OPEX SOT-SOC|Hibernacion|1|2026-06-08 11:35:07|88
KSP713|||KSP713|11.133397|-72.627599||Maicao - La Guajira|4.9 Km. SW.: Albania, Maicao, La Guajira|4.7 Km. SW.: Restaurante Hissy N.1|En: ADMON_Vehiculos_Equipos Stand By|Log Out|0|2026-06-08 14:59:52|76
KSP714|||KSP714|11.180982|-72.61502|Km0 Cuestecitas - Albania|Maicao - La Guajira|424 m. E.: Cuestecitas, Maicao, La Guajira|79 m. SW.: Estación de Servicio|En: ADMON_Vehiculos_Equipos Stand By|Apagado|0|2026-05-26 16:27:01|0
KSP715|Emilio Rocha Sanchez||KSP715|11.128607|-72.635302||Maicao - La Guajira|5.9 Km. SW.: Albania, Maicao, La Guajira|5.7 Km. SW.: Restaurante Hissy N.1|En: ADMON_Vehiculos_Equipos Stand By|Tiempo conducción excesivo|0|2026-06-08 14:57:42|85
KSP716|||KSP716|11.128759|-72.635378||Maicao - La Guajira|5.9 Km. SW.: Albania, Maicao, La Guajira|5.7 Km. SW.: Restaurante Hissy N.1|En: ADMON_Vehiculos_Equipos Stand By|TDR Apagado|0|2026-06-08 14:48:18|166
KSP718|Leonardo Favio Liñan Olmedo||KSP718|11.123394|-72.645369||Hatonuevo - La Guajira|5.4 Km. N.: Roche, Barrancas, La Guajira|6.9 Km. S.: Estación de Servicio Ayatawacoop|En: PRUEBA EARLY STAR|TDR Encendido|0|2026-06-08 14:56:32|146
KSP719|Rodolfo Carlos Vega Mejia||KSP719|11.038574|-72.696691||Barrancas - La Guajira|6.8 Km. SW.: Roche, Barrancas, La Guajira|7.0 Km. SE.: Estación de Servicio El Hato|En: ADMON_Vehiculos_Equipos Stand By|TDR Encendido|0|2026-06-08 14:57:13|301
KSP720|||KSP720|11.12661|-72.630475||Maicao - La Guajira|5.7 Km. SW.: Albania, Maicao, La Guajira|5.4 Km. SW.: Restaurante Hissy N.1|En: ADMON_Vehiculos_Equipos Stand By|TDR Apagado|0|2026-06-08 14:53:48|18
KSP721|||KSP721|11.181871|-72.612893|Km0 Cuestecitas - Albania|Maicao - La Guajira|668 m. E.: Cuestecitas, Maicao, La Guajira|73 m. W.: Súper Giros|En: ADMON_Vehiculos_Equipos Stand By|Hibernacion|0|2026-06-04 08:35:57|184
KSP722|Rafael Cabrales Alvarino||KSP722|11.126573|-72.630531||Maicao - La Guajira|5.7 Km. SW.: Albania, Maicao, La Guajira|5.4 Km. SW.: Restaurante Hissy N.1|En: ADMON_Vehiculos_Equipos Stand By|Apagado|0|2026-06-08 15:01:26|60
KSQ846|TALLER ALBANIA ERIS OSPINO||KSQ846|11.181874|-72.612965|Km0 Cuestecitas - Albania|Maicao - La Guajira|660 m. E.: Cuestecitas, Maicao, La Guajira|81 m. W.: Súper Giros|En: ADMON_Vehiculos_Equipos Stand By|Fin Ralenti|0|2026-06-04 08:23:42|0
KSR312|||KSR312|11.126679|-72.630561||Maicao - La Guajira|5.7 Km. SW.: Albania, Maicao, La Guajira|5.4 Km. SW.: Restaurante Hissy N.1|En: ADMON_Vehiculos_Equipos Stand By|TDR Apagado|0|2026-06-08 14:57:48|226
KSR314|||KSR314|11.182211|-72.613656|Km0 Cuestecitas - Albania|Maicao - La Guajira|596 m. E.: Cuestecitas, Maicao, La Guajira|117 m. NE.: Hotel Ali & José|En: ADMON_Vehiculos_Equipos Stand By|Reconexion Equipo|0|2026-05-29 08:26:22|0
KSR316|Omar Enrique Olae Roman||KSR316|11.131448|-72.628393||Maicao - La Guajira|5.1 Km. SW.: Albania, Maicao, La Guajira|4.9 Km. SW.: Restaurante Hissy N.1|En: ADMON_Vehiculos_Equipos Stand By|TDR Encendido|34|2026-06-08 14:58:46|288
KSV917|||KSV917|7.389445|-73.914036|Km Cantagallo - San Pablo|Cantagallo - Bolívar|1.0 Km. NE.: Cantagallo, Bolívar|27.0 Km. NW.: Ferrocarriles Nacionales De Colombia|En: ECOPETROL VRC-RIO CANTAGALLO|TDR Apagado|0|2026-06-08 14:49:04|12
KSZ112||||7.006531|-73.913683|Cl55 56 38|Yondó - Antioquia|488 m. NW.: Casabe, Yondó, Antioquia|119 m. W.: Estación de Servicio Terpel|En: ECOPETROL VRC-RIO CASABE|TDR Apagado|0|2026-06-08 14:59:03|37
KSZ330|||KSZ330|7.006562|-73.913823|Cl55 56 38|Yondó - Antioquia|500 m. NW.: Casabe, Yondó, Antioquia|135 m. W.: Estación de Servicio Terpel|En: ECOPETROL VRC-RIO CASABE|TDR Apagado|0|2026-06-08 14:47:45|80
KSZ989|||KSZ989|6.832047|-73.713983|Altamira|San Vicente de Chucurí - Santander|23.1 Km. SE.: Los Laureles, Barrancabermeja, Santander|2.6 Km. SE.: Hacienda Chaguaramo|En: ECOPETROL VRC_GCI_LA CIRA|TDR Apagado|0|2026-06-08 14:50:10|265
KTM243|||KTM243|7.086505|-73.839349|A 334 m. de Escuela Educativa Barrio San Silvestre|Barrancabermeja - Santander|3.3 Km. NE.: Barrancabermeja, Santander|334 m. N.: Escuela Educativa Barrio San Silvestre|En: CONSORCIO TABARCA-BARRANCABERMEJA|TDR Apagado|0|2026-06-08 14:58:20|140
KTQ224|||KTQ224|7.086442|-73.945615|A 708 m. de Hacienda El Tigre|Yondó - Antioquia|647 m. SE.: San Miguel del Tigre, Yondó, Antioquia|708 m. SE.: Hacienda El Tigre|En: ECOPETROL VRC-RIO CASABE|TDR Apagado|0|2026-06-08 15:00:13|45
KTQ543|Elkin Augusto Parada Caicedo|||7.472683|-73.405477||Rionegro - Santander|7.5 Km. NE.: Provincia, Sábana de Torres, Santander|4.9 Km. E.: Hacienda Venecia|En: ECOPETROL VRC_GMA_MARES CENTRO|GPS Adquirido|0|2026-06-06 13:13:02|0
KTR515|||KTR515|6.986236|-73.779813|Km 10 Barrancabermeja-Troncal Magdalena|Barrancabermeja - Santander|4.6 Km. SE.: Los Laureles, Barrancabermeja, Santander|3.6 Km. NE.: Hacienda La India|En: ECOPETROL VRC_GCI_LA CIRA|TDR Apagado|0|2026-06-08 14:50:45|310
KTR516|||KTR516|6.953701|-73.770093|Km 12 Troncal Magdalena-Barrancabermeja|Barrancabermeja - Santander|8.2 Km. SE.: Los Laureles, Barrancabermeja, Santander|4.3 Km. E.: Hacienda La India|En: ECOPETROL VRC_GCI_LA CIRA|TDR Apagado|0|2026-06-08 14:58:53|285
KTR522|||KTR522|6.953831|-73.766892||Barrancabermeja - Santander|8.4 Km. SE.: Los Laureles, Barrancabermeja, Santander|4.6 Km. E.: Hacienda La India|En: ECOPETROL VRC_GCI_LA CIRA|Log Out|0|2026-06-08 14:58:32|228
KYX645|||KYX645|7.086618|-73.137822|A 58 m. de Taller Praco Didacol Giron|Bucaramanga - Santander|3.5 Km. NE.: Girón, Santander|58 m. E.: Taller Praco Didacol Giron|En: CENIT ESTACIONES-SEBASTOPOL|TDR Apagado|0|2026-06-08 14:54:50|113
KYX710|||KYX710|7.077709|-73.848377|Kr31 75 51|Barrancabermeja - Santander|2.0 Km. N.: Barrancabermeja, Santander|272 m. N.: Droguería La Floresta|En: CONSORCIO TABARCA-BARRANCABERMEJA|TDR Apagado|0|2026-06-08 14:57:20|242
KYX722|||KYX722|7.086673|-73.13775|A 67 m. de Estación de Servicio Terpel Autopista Girón|Bucaramanga - Santander|3.5 Km. NE.: Girón, Santander|67 m. SE.: Estación de Servicio Terpel Autopista Girón|En: CENIT ESTACIONES-SEBASTOPOL|TDR Apagado|0|2026-06-08 14:51:13|68
KYZ081|||KYZ081|6.980222|-73.778755||Barrancabermeja - Santander|5.2 Km. SE.: Los Laureles, Barrancabermeja, Santander|3.3 Km. NE.: Hacienda La India|En: ECOPETROL VRC_GCI_LA CIRA|TDR Apagado|0|2026-06-08 14:50:22|325
KYZ083|||KYZ083|4.66891|-74.085419|Kr62 64 68|Bogotá D.C. - Cundinamarca|1.2 Km. W.: Barrios Unidos, Bogotá D.C., Cundinamarca|27 m. SE.: Salón de Belleza Aleiro y Beto|En: ENE 6234 OPEX SOT-SOC|TDR Apagado|0|2026-06-08 14:51:07|12
KYZ085|Pedro Javier Chala Flores||KYZ085|3.787183|-71.45435|Vía Estación de Bombeo ODL|Puerto Gaitán - Meta|58.8 Km. NW.: Puerto Trujillo, Puerto Gaitán, Meta|197 m. SE.: Estación de Bombeo Odl|En: ECOPETROL TERMORUBIALES-RUBIALES|TDR Encendido|0|2026-06-08 14:22:09|38
KYZ087|||KYZ087|7.057976|-73.860687|Kr17 47 49|Barrancabermeja - Santander|828 m. W.: Barrancabermeja, Santander|28 m. N.: Consejo Territorial De Planeación|En: CONSORCIO TABARCA-BARRANCABERMEJA|TDR Apagado|0|2026-06-08 14:57:35|0
KYZ089|Jonathan Alexander Calderon Nieto||KYZ089|6.955709|-73.772566|Km 12 Troncal Magdalena-Barrancabermeja|Barrancabermeja - Santander|7.9 Km. SE.: Los Laureles, Barrancabermeja, Santander|3.9 Km. E.: Hacienda La India|En: VRC Base Gran Estación Centro|Apagado|0|2026-06-08 14:58:52|289
KYZ091|||KYZ091|4.823965|-74.357624|Cl15 10 111|Facatativá - Cundinamarca|1.6 Km. N.: Facatativá, Cundinamarca|112 m. NW.: Colegio Departamental Manuela Ayala De Gaitán|En: CENIT ESTACIONES-PUERTO SALGAR|TDR Apagado|0|2026-06-08 14:51:50|101
KYZ093|||KYZ093|7.057933|-73.080305|Cl10 36a 62|Floridablanca - Santander|3.0 Km. SE.: Floridablanca, Santander|125 m. S.: Monasterio Carmelitas Descalzas|106.0 Km. E.: CENIT ESTACIONES-SEBASTOPOL|TDR Apagado|11|2026-06-08 14:47:51|121
KYZ095|||KYZ095|4.961932|-73.935615|Anillo Víal Verganzo|Tocancipá - Cundinamarca|2.8 Km. W.: Tocancipá, Cundinamarca|356 m. S.: Urbanización Milenium III|En: CENIT ESTACIONES-PUERTO SALGAR|TDR Apagado|0|2026-06-08 15:00:12|97
KYZ097|||KYZ097|6.977757|-73.790572|A 2065 m. de Hacienda La India|Barrancabermeja - Santander|4.9 Km. S.: Los Laureles, Barrancabermeja, Santander|2.1 Km. NE.: Hacienda La India|En: ECOPETROL VRC_GCI_LA CIRA|TDR Apagado|0|2026-06-08 14:57:14|0
KYZ099|||KYZ099|6.951955|-73.770722|Km 11 Troncal Magdalena-Barrancabermeja|Barrancabermeja - Santander|8.4 Km. SE.: Los Laureles, Barrancabermeja, Santander|4.3 Km. SE.: Hacienda La India|En: ECOPETROL VRC_GCI_LA CIRA|TDR Apagado|0|2026-06-08 14:38:19|0
KYZ101|Huber Hernan Velandria Garcia||KYZ101|3.787625|-71.455539|Capacitación Caño Arrabo|Puerto Gaitán - Meta|58.9 Km. NW.: Puerto Trujillo, Puerto Gaitán, Meta|70 m. SE.: Estación de Bombeo Odl|En: ECOPETROL TERMORUBIALES-RUBIALES|TDR Encendido|22|2026-06-08 14:24:20|317
KYZ103|||KYZ103|7.392405|-73.503851|Cl14 22a 42|Sábana de Torres - Santander|496 m. SW.: Sabana de Torres, Sábana de Torres, Santander|534 m. SW.: Cementerio Sabana de Torres|En: ECOPETROL VRC_GMA_MARES CENTRO|TDR Apagado|0|2026-06-08 14:55:17|157
KYZ105|||KYZ105|6.931535|-73.758841||Barrancabermeja - Santander|11.0 Km. SE.: Los Laureles, Barrancabermeja, Santander|5.4 Km. N.: Montallantas Opincito|En: ECOPETROL VRC_GCI_LA CIRA|TDR Apagado|0|2026-06-08 14:51:34|38
KYZ107|||KYZ107|6.938446|-73.768911|Km 10 Troncal Magdalena-Barrancabermeja|Barrancabermeja - Santander|9.8 Km. SE.: Los Laureles, Barrancabermeja, Santander|5.2 Km. SE.: Hacienda La India|En: ECOPETROL VRC_GCI_LA CIRA|TDR Apagado|0|2026-06-08 15:00:32|278
KYZ109|||KYZ109|7.015366|-73.795352|Km 6 Barrancabermeja-Troncal Magdalena|Barrancabermeja - Santander|1.1 Km. E.: Los Laureles, Barrancabermeja, Santander|871 m. E.: Estación de Servicio Biomax|En: ECOPETROL VRC_GCI_LA CIRA|TDR Apagado|0|2026-06-08 14:55:07|313
KYZ111|Alexander  Hernandez Alvarez||KYZ111|7.075071|-73.869995|A 615 m. de Estadio de Fútbol Daniel Villa Zapata|Barrancabermeja - Santander|2.4 Km. NW.: Barrancabermeja, Santander|615 m. NW.: Estadio de Fútbol Daniel Villa Zapata|En: CONSORCIO TABARCA-BARRANCABERMEJA|TDR Encendido|8|2026-06-08 14:59:48|179
KYZ113|||KYZ113|7.394178|-73.498336|Kr18 13 75|Sábana de Torres - Santander|201 m. E.: Sabana de Torres, Sábana de Torres, Santander|300 m. SE.: Cementerio Sabana de Torres|En: ECOPETROL VRC_GMA_MARES CENTRO|TDR Apagado|0|2026-06-08 14:52:33|253
KYZ115|||KYZ115|7.399524|-73.893209||Puerto Wilches - Santander|3.5 Km. NE.: Cantagallo, Bolívar|27.2 Km. N.: Ferrocarriles Nacionales De Colombia|En: ECOPETROL VRC-RIO CANTAGALLO|TDR Apagado|0|2026-06-08 14:58:05|103
KYZ117|||KYZ117|7.000878|-73.912607|Cl45 56 37|Yondó - Antioquia|329 m. SW.: Casabe, Yondó, Antioquia|269 m. SW.: Acceso Zona Industrial Ecopetrol Casabe|En: ECOPETROL VRC-RIO CASABE|Log Out|0|2026-06-08 15:01:12|261
KZP150|||KZP150|7.062853|-73.844092|Kr35 39 2|Barrancabermeja - Santander|1.1 Km. E.: Barrancabermeja, Santander|54 m. SW.: Rokola Bar|En: CONSORCIO TABARCA-BARRANCABERMEJA|TDR Apagado|0|2026-06-08 14:48:38|149
LFX481|||LFX481|7.99828|-73.511312|Cl20 7 2|San Martín - Cesar|668 m. S.: San Martín, Cesar|22 m. SE.: Estación de Servicio Terpel Km 0 San Martín San Alberto|En: ECOPETROL VRC_GMA_MARES CENTRO|TDR Apagado|0|2026-06-08 14:55:27|78
LFZ655|||LFZ655|8.637481|-72.711627|A 2024 m. de Aeropuerto Tibu|Tibú - Norte de Santander|2.9 Km. E.: Tibú, Norte de Santander|2.0 Km. E.: Aeropuerto Tibu|En: ECOPETROL VRC_GCT_CATATUMBO (TIBÚ)|TDR Apagado|0|2026-06-08 14:59:01|239
LFZ656|||LFZ656|7.038987|-73.838016|Cl33 54 27|Barrancabermeja - Santander|3.0 Km. SE.: Barrancabermeja, Santander|595 m. S.: Residencias El Conductor|En: CONSORCIO TABARCA-BARRANCABERMEJA|TDR Apagado|0|2026-06-08 14:57:37|257
LGW438|Juan Antonio Cuero Cruz||LGW438|7.96177|-73.491897|PR 24 Km4 San Martin - San Alberto|San Martín - Cesar|5.2 Km. SE.: San Martín, Cesar|31 m. E.: Hotel El Valle del Sol|En: ECOPETROL VRC_GMA_MARES CENTRO|TDR Encendido|68|2026-06-08 13:59:39|155
LHL313|||LHL313|7.076674|-73.845225|Cl75 34a 55|Barrancabermeja - Santander|2.0 Km. NE.: Barrancabermeja, Santander|176 m. NE.: Escuela Educativa San Judas Tadeo|En: CONSORCIO TABARCA-BARRANCABERMEJA|TDR Apagado|0|2026-06-08 15:00:23|136
LHR106|||LHR106|4.353748|-73.277258||Paratebueno - Cundinamarca|7.2 Km. E.: Santa Cecilia, Paratebueno, Cundinamarca|3.8 Km. SE.: Estación de Servicio Brio Km 7 Santa Cecilia Paratebueno|En: ENE 6234 OPEX SOT-SOC|TDR Apagado|0|2026-06-08 14:46:36|122
LHR143|||LHR143|7.398098|-73.489394|Kr7 11b 52|Sábana de Torres - Santander|1.2 Km. E.: Sabana de Torres, Sábana de Torres, Santander|474 m. E.: Alcaldía Sabana de Torres|En: ECOPETROL VRC_GMA_MARES CENTRO|TDR Apagado|0|2026-06-08 14:51:06|92
LHR561|||LHR561|7.066821|-73.858514|Kr18b 57 24|Barrancabermeja - Santander|877 m. NW.: Barrancabermeja, Santander|30 m. W.: Tienda Totto|En: CONSORCIO TABARCA-BARRANCABERMEJA|TDR Apagado|0|2026-06-08 14:47:19|98
LHR659|||LHR659|7.052511|-73.860935|Kr16 36 105|Barrancabermeja - Santander|1.2 Km. SW.: Barrancabermeja, Santander|541 m. SW.: Clinica Veterinaria Unipaz|En: CONSORCIO TABARCA-BARRANCABERMEJA|TDR Apagado|0|2026-06-08 14:58:21|90
LHR697|||LHR697|7.017791|-73.800904|Km 5 Barrancabermeja-Troncal Magdalena|Barrancabermeja - Santander|442 m. E.: Los Laureles, Barrancabermeja, Santander|245 m. E.: Estación de Servicio Biomax|En: CONSORCIO TABARCA-BARRANCABERMEJA|TDR Apagado|0|2026-06-08 14:57:35|0
LHR751|||LHR751|6.947392|-73.769995|Km 11 Troncal Magdalena-Barrancabermeja|Barrancabermeja - Santander|8.9 Km. SE.: Los Laureles, Barrancabermeja, Santander|4.6 Km. SE.: Hacienda La India|En: ECOPETROL VRC_GCI_LA CIRA|TDR Apagado|0|2026-06-08 14:47:06|61
LHR948|Darly Alexandra Ramírez Navarro||LHR948|7.033619|-73.554162|A 2699 m. de Hacienda La Vizcaina|San Vicente de Chucurí - Santander|11.1 Km. S.: La Fortuna, Barrancabermeja, Santander|2.7 Km. N.: Hacienda La Vizcaina|En: ECOPETROL VRC_GMA_MARES CENTRO|TDR Apagado|0|2026-06-08 15:01:10|204
LHR949|||LHR949|7.020223|-73.805514|A 401 m. de Entrada H y P|Barrancabermeja - Santander|148 m. NW.: Los Laureles, Barrancabermeja, Santander|401 m. N.: Entrada H y P|En: CONSORCIO TABARCA-BARRANCABERMEJA|TDR Apagado|0|2026-06-08 14:51:40|145
LHR950|||LHR950|1.208093|-77.271857|Avenida Los Libertadores Cl22 15 90|Pasto - Nariño|1.3 Km. E.: Pasto, Nariño|63 m. N.: Envía|En: CENIT LINEAS-RICAURTE y ALISALES|TDR Apagado|0|2026-06-08 14:55:28|323
LHR952|||LHR952|7.133952|-73.556184|Km68 Bucaramanga - Barrancabermeja|Barrancabermeja - Santander|232 m. W.: La Fortuna, Barrancabermeja, Santander|284 m. W.: Restaurante El Dorado|En: ECOPETROL VRC_GMA_MARES CENTRO|TDR Apagado|0|2026-06-08 14:50:09|107
LHR953|Pablo Andrés Padilla||LHR953|6.982627|-73.800567|A 1794 m. de Hacienda La India|Barrancabermeja - Santander|4.1 Km. S.: Los Laureles, Barrancabermeja, Santander|1.8 Km. N.: Hacienda La India|En: ECOPETROL VRC_GCI_LA CIRA|TDR Encendido|39|2026-06-08 14:58:37|357
LHR954|Jony Alexander Rojas Vega||LHR954|7.002247|-73.911614|Cl45 56 37|Yondó - Antioquia|142 m. SW.: Casabe, Yondó, Antioquia|95 m. S.: Acceso Zona Industrial Ecopetrol Casabe|En: ECOPETROL VRC-RIO CASABE|TDR Encendido|9|2026-06-08 14:58:40|0
LHR955|||LHR955|7.062828|-73.835178|Kr40 52 32|Barrancabermeja - Santander|2.1 Km. E.: Barrancabermeja, Santander|74 m. S.: Tienda de Viveres Jhan Carlos|En: CONSORCIO TABARCA-BARRANCABERMEJA|TDR Apagado|0|2026-06-08 14:49:35|273
LHR956|||LHR956|6.96013|-73.774685|Km 12 Troncal Magdalena-Barrancabermeja|Barrancabermeja - Santander|7.4 Km. SE.: Los Laureles, Barrancabermeja, Santander|3.6 Km. E.: Hacienda La India|En: ECOPETROL VRC_GCI_LA CIRA|Log Out|0|2026-06-08 14:48:21|95
LHR957|||LHR957|6.937103|-73.776589||Barrancabermeja - Santander|9.6 Km. S.: Los Laureles, Barrancabermeja, Santander|4.7 Km. SE.: Hacienda La India|En: ECOPETROL VRC_GCI_LA CIRA|TDR Apagado|0|2026-06-08 14:52:29|0
LHS691|||LHS691|7.075784|-73.828554|Dg63a 47b 43|Barrancabermeja - Santander|3.2 Km. NE.: Barrancabermeja, Santander|109 m. E.: Empresa Gasan Barrancabermeja|En: CONSORCIO TABARCA-BARRANCABERMEJA|TDR Apagado|0|2026-06-08 14:53:32|328
LHT107|||LHT107|7.071506|-73.849655|Cl65 31a 103|Barrancabermeja - Santander|1.3 Km. N.: Barrancabermeja, Santander|40 m. NW.: Tienda Tecnilujos La Mona|En: CONSORCIO TABARCA-BARRANCABERMEJA|TDR Apagado|0|2026-06-08 14:49:44|248
LHT111|Alexander Romero Villabona||LHT111|7.165164|-73.849521||Barrancabermeja - Santander|99 m. W.: El Llanito, Barrancabermeja, Santander|3.6 Km. W.: Ferrocarriles Nacionales De Colombia|En: ECOPETROL VRC_GMA_MARES CENTRO|TDR Encendido|11|2026-06-08 03:45:26|130
LHT113|||LHT113|6.971954|-73.778813|Km 12 Barrancabermeja-Troncal Magdalena|Barrancabermeja - Santander|6.0 Km. SE.: Los Laureles, Barrancabermeja, Santander|3.1 Km. E.: Hacienda La India|En: ECOPETROL VRC_GCI_LA CIRA|TDR Apagado|0|2026-06-08 15:01:18|84
LHT294|||LHT294|7.823768|-72.465885|A 488 m. de Monumento Al General Santander|Villa Del Rosario - Norte de Santander|2.3 Km. S.: Villa del Rosario, Villa Del Rosario, Norte de Santander|488 m. SW.: Monumento Al General Santander|En: ECOPETROL VRC-ORIPAYA CÚCUTA|TDR Apagado|0|2026-06-08 15:00:37|151
LHT759|||LHT759|4.637086|-74.104403|Kr56 19 54|Bogotá D.C. - Cundinamarca|1.3 Km. S.: Bogotá D.C., Cundinamarca|25 m. S.: Unigas|En: ENE 6234 OPEX SOT-SOC|TDR Apagado|0|2026-06-08 14:50:27|235
LHT805|||LHT805|6.930893|-73.771334|Km 9 Troncal Magdalena-Barrancabermeja|Barrancabermeja - Santander|10.5 Km. S.: Los Laureles, Barrancabermeja, Santander|5.6 Km. SE.: Hacienda La India|En: ECOPETROL VRC_GCI_LA CIRA|TDR Apagado|0|2026-06-08 15:00:02|158
LHT809|||LHT809|7.086668|-73.839958|A 358 m. de Escuela Educativa Barrio San Silvestre|Barrancabermeja - Santander|3.3 Km. NE.: Barrancabermeja, Santander|358 m. N.: Escuela Educativa Barrio San Silvestre|En: CONSORCIO TABARCA-BARRANCABERMEJA|TDR Apagado|0|2026-06-08 14:57:52|7
LHT819|||LHT819|6.994954|-73.783197|Km 9 Barrancabermeja-Troncal Magdalena|Barrancabermeja - Santander|3.6 Km. SE.: Los Laureles, Barrancabermeja, Santander|3.3 Km. SE.: Estación de Servicio Biomax|En: ECOPETROL VRC_GCI_LA CIRA|TDR Apagado|0|2026-06-08 15:01:16|274
LHT825|||LHT825|6.980076|-73.778727||Barrancabermeja - Santander|5.2 Km. SE.: Los Laureles, Barrancabermeja, Santander|3.3 Km. NE.: Hacienda La India|En: ECOPETROL VRC_GCI_LA CIRA|TDR Apagado|0|2026-06-08 14:51:10|32
LHT839|||LHT839|7.064007|-73.841307|Cl54 35b 45|Barrancabermeja - Santander|1.4 Km. E.: Barrancabermeja, Santander|151 m. W.: Farmacenter Primero De Mayo|En: CONSORCIO TABARCA-BARRANCABERMEJA|TDR Apagado|0|2026-06-08 14:58:21|85
LHT845|||LHT845|6.951547|-73.764059||Barrancabermeja - Santander|8.8 Km. SE.: Los Laureles, Barrancabermeja, Santander|5.0 Km. E.: Hacienda La India|En: ECOPETROL VRC_GCI_LA CIRA|TDR Apagado|0|2026-06-08 14:47:42|297
LHT849|||LHT849|3.782639|-71.453987|Capacitación Caño Arrabo|Puerto Gaitán - Meta|58.4 Km. NW.: Puerto Trujillo, Puerto Gaitán, Meta|362 m. W.: Centro de Acopio de Crudo|En: ECOPETROL TERMORUBIALES-RUBIALES|Log Out|0|2026-06-08 14:16:08|259
LHT855|||LHT855|7.058101|-73.86143|Kr16 47 62|Barrancabermeja - Santander|901 m. W.: Barrancabermeja, Santander|40 m. SW.: Catedral Inmaculada|En: CONSORCIO TABARCA-BARRANCABERMEJA|TDR Apagado|0|2026-06-08 14:48:22|87
LHT859|||LHT859|10.4116|-75.535113|Cl27 22 105|Cartagena - Bolívar|3.2 Km. NW.: Cartagena, Bolívar|11 m. NE.: El Paso Company|En: CONSORCIO TABARCA-CARTAGENA|TDR Apagado|0|2026-06-08 14:59:13|141
LHT865|Pruebas Técnico Fabian Calderon||LHT865|3.770881|-71.805496|Km109 Puerto Gaitan - Rubiales|Puerto Gaitán - Meta|67.7 Km. SE.: Puerto Gaitán, Meta|1.1 Km. W.: Mina Roncador|En: ECOPETROL TERMORUBIALES-RUBIALES|TDR Apagado|0|2026-06-08 14:18:11|108
LHT869|||LHT869|5.015739|-74.468756|Kr1 8 2|Villeta - Cundinamarca|482 m. N.: Villeta, Cundinamarca|32 m. SW.: Condensa Central de Energía|En: CENIT LINEAS-MARIQUITA|TDR Apagado|0|2026-06-08 15:00:31|317
LHT875|||LHT875|9.621337|-73.586681|Kr6 9 29|El Paso - Cesar|901 m. E.: La Loma, El Paso, Cesar|494 m. E.: Hotel Real de Minas|En: DRUMMOND FACILIDADES|TDR Apagado|0|2026-06-08 14:55:42|98
LHT879|||LHT879|4.823976|-74.357625|Cl15 10 111|Facatativá - Cundinamarca|1.6 Km. N.: Facatativá, Cundinamarca|113 m. NW.: Colegio Departamental Manuela Ayala De Gaitán|En: CENIT ESTACIONES-PUERTO SALGAR|TDR Apagado|0|2026-06-08 14:47:52|255
LHT885|||LHT885|7.061447|-73.851268|Dg49 28 83|Barrancabermeja - Santander|281 m. E.: Barrancabermeja, Santander|13 m. S.: Concesionario Nissan|En: CONSORCIO TABARCA-BARRANCABERMEJA|TDR Apagado|0|2026-06-08 14:47:40|210
LHT889|||LHT889|7.086495|-73.839352|A 332 m. de Escuela Educativa Barrio San Silvestre|Barrancabermeja - Santander|3.3 Km. NE.: Barrancabermeja, Santander|332 m. N.: Escuela Educativa Barrio San Silvestre|En: CONSORCIO TABARCA-BARRANCABERMEJA|TDR Apagado|0|2026-06-08 14:54:26|0
LHT897|||LHT897|6.859509|-73.7652|PR 116 Km3 Campo 23 - La Rocheta|Barrancabermeja - Santander|18.3 Km. S.: Los Laureles, Barrancabermeja, Santander|332 m. SE.: Estación de Servicio Terpel Km 2 Campo 23 La Rocheta|En: ECOPETROL VRC_GCI_LA CIRA|TDR Apagado|0|2026-06-08 14:47:33|259
LHT899|||LHT899|7.059017|-73.85703|Cl49 20 56|Barrancabermeja - Santander|411 m. SW.: Barrancabermeja, Santander|82 m. SE.: Eps Comparta|En: CONSORCIO TABARCA-BARRANCABERMEJA|TDR Apagado|0|2026-06-08 14:57:09|95
LHT905|||LHT905|7.065083|-73.853341|Cl55a 24 136|Barrancabermeja - Santander|502 m. N.: Barrancabermeja, Santander|134 m. W.: Papelería Mundo Escolar|En: CONSORCIO TABARCA-BARRANCABERMEJA|TDR Apagado|0|2026-06-08 14:58:33|117
LHT907|||LHT907|7.06256|-73.841767|Kr35b 52a 40|Barrancabermeja - Santander|1.3 Km. E.: Barrancabermeja, Santander|27 m. N.: Comidas Rapidas El Kustaceo Kascarudo|En: CONSORCIO TABARCA-BARRANCABERMEJA|TDR Apagado|0|2026-06-08 14:59:00|106
LHT909|||LHT909|7.078525|-73.854676|Cl74 20 107|Barrancabermeja - Santander|2.0 Km. N.: Barrancabermeja, Santander|91 m. E.: Hospedaje Eris|En: CONSORCIO TABARCA-BARRANCABERMEJA|TDR Apagado|0|2026-06-08 14:54:07|255
LHT915|Alexander  Mayorga Esparza||LHT915|7.001339|-73.915728|A 476 m. de Hospital Héctor Abad Gómez|Yondó - Antioquia|584 m. W.: Casabe, Yondó, Antioquia|476 m. S.: Hospital Héctor Abad Gómez|En: ECOPETROL VRC-RIO CASABE|Acelerometro alineado|37|2026-06-08 13:01:00|290
LHT917|||LHT917|6.940034|-73.759881|Rotonda|Barrancabermeja - Santander|10.1 Km. SE.: Los Laureles, Barrancabermeja, Santander|6.0 Km. SE.: Hacienda La India|En: ECOPETROL VRC_GCI_LA CIRA|TDR Apagado|0|2026-06-08 14:57:21|254
LHT919|Elkin Alfonso Mantilla Silva||LHT919|6.985811|-73.770195||Barrancabermeja - Santander|5.3 Km. SE.: Los Laureles, Barrancabermeja, Santander|3.7 Km. S.: Hacienda Portugal|En: ECOPETROL VRC_GCI_LA CIRA|TDR Encendido|0|2026-06-08 15:01:08|313
LHT925|||LHT925|7.020189|-73.80525|A 394 m. de Entrada H y P|Barrancabermeja - Santander|128 m. NW.: Los Laureles, Barrancabermeja, Santander|394 m. N.: Entrada H y P|En: CONSORCIO TABARCA-BARRANCABERMEJA|TDR Apagado|0|2026-06-08 14:52:58|175
LHT927|||LHT927|6.929196|-73.774317||Barrancabermeja - Santander|10.6 Km. S.: Los Laureles, Barrancabermeja, Santander|5.5 Km. SE.: Hacienda La India|En: ECOPETROL VRC_GCI_LA CIRA|TDR Apagado|0|2026-06-08 14:46:57|295
LHT929|||LHT929|7.091258|-73.861795|A 573 m. de Terminal Galán, PetroSantander (Colombia) Inc.|Barrancabermeja - Santander|3.5 Km. N.: Barrancabermeja, Santander|573 m. N.: Terminal Galán, PetroSantander (Colombia) Inc.|En: CONSORCIO TABARCA-BARRANCABERMEJA|TDR Encendido|65|2026-06-08 14:09:40|93
LHT935|||LHT935|6.924401|-73.759256||Barrancabermeja - Santander|11.7 Km. SE.: Los Laureles, Barrancabermeja, Santander|4.6 Km. N.: Montallantas Opincito|En: ECOPETROL VRC_GCI_LA CIRA|TDR Apagado|0|2026-06-08 14:52:30|77
LHT937|||LHT937|7.059634|-73.843503|Kr35 50 13|Barrancabermeja - Santander|1.1 Km. E.: Barrancabermeja, Santander|343 m. S.: Comidas Rapidas Maria C|En: CONSORCIO TABARCA-BARRANCABERMEJA|TDR Apagado|0|2026-06-08 14:56:53|67
LHT939|||LHT939|6.940164|-73.759554|Rotonda|Barrancabermeja - Santander|10.1 Km. SE.: Los Laureles, Barrancabermeja, Santander|6.0 Km. SE.: Hacienda La India|En: ECOPETROL VRC_GCI_LA CIRA|TDR Apagado|0|2026-06-08 14:59:06|336
LHT945|||LHT945|7.027363|-73.556006|A 1992 m. de Hacienda La Vizcaina|San Vicente de Chucurí - Santander|11.8 Km. S.: La Fortuna, Barrancabermeja, Santander|2.0 Km. N.: Hacienda La Vizcaina|En: ECOPETROL VRC_GMA_MARES CENTRO|TDR Apagado|0|2026-06-08 14:49:32|324
LHT947|||LHT947|7.075001|-73.870063|A 619 m. de Estadio de Fútbol Daniel Villa Zapata|Barrancabermeja - Santander|2.4 Km. NW.: Barrancabermeja, Santander|619 m. NW.: Estadio de Fútbol Daniel Villa Zapata|En: CONSORCIO TABARCA-BARRANCABERMEJA|Log Out|0|2026-06-08 14:56:29|356
LHT949|||LHT949|7.017511|-73.807393|Km 4 Barrancabermeja-Troncal Magdalena|Barrancabermeja - Santander|358 m. SW.: Los Laureles, Barrancabermeja, Santander|250 m. NW.: Halliburton|En: CONSORCIO TABARCA-BARRANCABERMEJA|Log Out|0|2026-06-08 14:55:04|271
LHV959|||LHV959|4.097407|-73.614405|A 1773 m. de I.E. Colegio Centauros Sede La Rosita|Villavicencio - Meta|6.6 Km. SE.: Villavicencio, Meta|1.8 Km. S.: I.E. Colegio Centauros Sede La Rosita|En: ECOPETROL TERMICAS-VILLAVICENCIO|TDR Apagado|0|2026-06-06 17:22:15|154
LHW430|||LHW430|7.394198|-73.498209|Kr17 13 82|Sábana de Torres - Santander|214 m. E.: Sabana de Torres, Sábana de Torres, Santander|310 m. SE.: Cementerio Sabana de Torres|En: ECOPETROL VRC_GMA_MARES CENTRO|TDR Apagado|0|2026-06-08 14:54:05|136
LHW440|||LHW440|7.394301|-73.498257|Kr18 13 63|Sábana de Torres - Santander|206 m. E.: Sabana de Torres, Sábana de Torres, Santander|299 m. SE.: Cementerio Sabana de Torres|En: ECOPETROL VRC_GMA_MARES CENTRO|TDR Apagado|0|2026-06-08 14:47:31|353
LHW470|||LHW470|4.894902|-72.887617|A 1130 m. de Unidad de Atención Integral|Monterrey - Casanare|2.3 Km. N.: Monterrey, Casanare|1.1 Km. NE.: Unidad de Atención Integral|En: OCENSA GEOTECNIA|TDR Apagado|0|2026-06-08 14:59:25|203
LHW480|||LHW480|7.466827|-73.407973||Rionegro - Santander|6.8 Km. NE.: Provincia, Sábana de Torres, Santander|4.5 Km. N.: Hacienda Payoa|En: ECOPETROL VRC_GMA_MARES CENTRO|TDR Apagado|0|2026-06-08 11:48:59|0
LHW490|||LHW490|5.055083|-74.603718|Chaguaní - Guaduas|Guaduas - Cundinamarca|1.6 Km. SW.: Guaduas, Cundinamarca|1.1 Km. S.: Hotel Tocuara|36.3 Km. E.: CENIT LINEAS-MARIQUITA|TDR Apagado|0|2026-06-08 14:50:29|272
LHW500|||LHW500|6.960788|-73.782209|A 2746 m. de Hacienda La India|Barrancabermeja - Santander|7.0 Km. S.: Los Laureles, Barrancabermeja, Santander|2.7 Km. E.: Hacienda La India|En: ECOPETROL VRC_GCI_LA CIRA|TDR Apagado|0|2026-06-08 14:58:19|145
LHW539|||LHW539|5.300976|-72.411309|A 1311 m. de Estación de Servicio Mobil La Campanilla|Yopal - Casanare|5.5 Km. S.: Yopal, Casanare|1.3 Km. NW.: Estación de Servicio Mobil La Campanilla|En: ECOPETROL CUPIAGUA-AGUAZUL|TDR Apagado|0|2026-06-08 15:00:01|90
LHW559|||LHW559|4.115164|-73.604827|Cl12Sur 19b 5|Villavicencio - Meta|5.5 Km. SE.: Villavicencio, Meta|50 m. NE.: Conjunto Residencial Aranjuez II|En: ECOPETROL TERMICAS-VILLAVICENCIO|TDR Apagado|0|2026-06-08 14:52:36|17
LHW579|||LHW579|7.036107|-73.839728|Cl25a 55 30|Barrancabermeja - Santander|3.1 Km. SE.: Barrancabermeja, Santander|948 m. S.: Residencias El Conductor|En: CONSORCIO TABARCA-BARRANCABERMEJA|TDR Apagado|0|2026-06-08 14:51:13|248
LHW589|||LHW589|7.008139|-73.917431|Via Alterna Yondó - Barranbermeja|Yondó - Antioquia|915 m. NW.: Casabe, Yondó, Antioquia|323 m. SW.: Cementerio de Yondó|En: ECOPETROL VRC-RIO CASABE|TDR Apagado|0|2026-06-08 14:53:49|137
LHW599|||LHW599|5.477277|-74.681553|A 426 m. de Apuestas Su Red|La Dorada - Caldas|1.6 Km. W.: La Dorada, Caldas|426 m. NW.: Apuestas Su Red|En: HOCOL O&M INTEGRAL-OAM|TDR Apagado|0|2026-06-08 14:49:12|272
LIY559|||LIY559|4.410704|-73.929293|PR 29 Km29 Bogota - Villavicencio|Cáqueza - Cundinamarca|2.0 Km. E.: Cáqueza, Cundinamarca|554 m. W.: Montallantas Km18|En: ENE 6234 OPEX SOT-SOC|TDR Apagado|0|2026-06-08 14:55:00|126
LJK859|||LJK859|4.112339|-73.608249|Tv23 10Sur 350|Villavicencio - Meta|5.5 Km. SE.: Villavicencio, Meta|125 m. W.: Clínica Mental La Cofraternidad|En: ECOPETROL TERMICAS-VILLAVICENCIO|TDR Apagado|0|2026-06-08 14:59:15|110
LPL235|||LPL235|7.016472|-73.808404|Km 4 Barrancabermeja-Troncal Magdalena|Barrancabermeja - Santander|515 m. SW.: Los Laureles, Barrancabermeja, Santander|124 m. E.: Motel El Jardín|En: CONSORCIO TABARCA-BARRANCABERMEJA|TDR Apagado|0|2026-06-08 14:46:59|293
LPL338|||LPL338|6.93673|-73.770286|Km 9 Troncal Magdalena-Barrancabermeja|Barrancabermeja - Santander|9.9 Km. SE.: Los Laureles, Barrancabermeja, Santander|5.2 Km. SE.: Hacienda La India|En: ECOPETROL VRC_GCI_LA CIRA|TDR Apagado|0|2026-06-08 14:54:52|203
LPL384|||LPL384|6.901721|-73.764412|Km 5 Troncal Magdalena-Barrancabermeja|Barrancabermeja - Santander|13.8 Km. S.: Los Laureles, Barrancabermeja, Santander|2.4 Km. NW.: Montallantas Opincito|En: ECOPETROL VRC_GCI_LA CIRA|TDR Apagado|0|2026-06-08 14:59:53|348
LPL945|||LPL945|7.020993|-73.578252|A 2734 m. de Hacienda La Vizcaina|San Vicente de Chucurí - Santander|12.8 Km. S.: La Fortuna, Barrancabermeja, Santander|2.7 Km. NW.: Hacienda La Vizcaina|En: ECOPETROL VRC_GMA_MARES CENTRO|TDR Apagado|0|2026-06-08 14:49:51|160
LPM365|||LPM365|6.951292|-73.766156||Barrancabermeja - Santander|8.7 Km. SE.: Los Laureles, Barrancabermeja, Santander|4.8 Km. E.: Hacienda La India|En: ECOPETROL VRC_GCI_LA CIRA|TDR Apagado|0|2026-06-08 14:37:44|0
LPN770|||LPN770|7.043671|-73.8436|Cl33 46 125|Barrancabermeja - Santander|2.2 Km. SE.: Barrancabermeja, Santander|592 m. E.: Parque Ecológico Cincuentenario|En: CONSORCIO TABARCA-BARRANCABERMEJA|TDR Apagado|0|2026-06-08 14:56:18|273
LPN910|||LPN910|7.396638|-73.599446||Sábana de Torres - Santander|7.2 Km. NE.: Sabaneta, Sábana de Torres, Santander|5.6 Km. W.: Estación de Servicio Terpel Peroles|12.6 Km. N.: ECOPETROL VRC_GMA_MARES CENTRO|TDR Apagado|0|2026-06-08 14:47:56|318
LPO008|||LPO008|6.933266|-73.760155||Barrancabermeja - Santander|10.7 Km. SE.: Los Laureles, Barrancabermeja, Santander|5.6 Km. N.: Montallantas Opincito|En: ECOPETROL VRC_GCI_LA CIRA|Log Out|1|2026-06-08 14:48:46|109
LPO645|Mardory Pineda Jiménez||LPO645|6.820558|-73.729964|A 1608 m. de Hacienda La Llana|San Vicente de Chucurí - Santander|23.6 Km. S.: Los Laureles, Barrancabermeja, Santander|1.6 Km. N.: Hacienda La Llana|17.8 Km. S.: ECOPETROL VRC_GCI_LA CIRA|TDR Encendido-No GSM|20|2026-06-08 11:22:24|151
LPP954|||LPP954|7.394071|-73.498264|Kr18 13 89|Sábana de Torres - Santander|213 m. E.: Sabana de Torres, Sábana de Torres, Santander|313 m. SE.: Cementerio Sabana de Torres|En: ECOPETROL VRC_GMA_MARES CENTRO|TDR Apagado|0|2026-06-08 14:49:20|181
LQM267|||LQM267|6.956081|-73.77695||Barrancabermeja - Santander|7.7 Km. SE.: Los Laureles, Barrancabermeja, Santander|3.5 Km. E.: Hacienda La India|En: ECOPETROL VRC_GCI_LA CIRA|Log Out|0|2026-06-08 14:50:41|85
LQU707|||LQU707|7.054886|-73.853145|Kr24a 43 63|Barrancabermeja - Santander|636 m. S.: Barrancabermeja, Santander|252 m. SE.: Cancha de Micro Fútbol Inscredial|En: CONSORCIO TABARCA-BARRANCABERMEJA|TDR Apagado|0|2026-06-08 14:49:15|57
LTO392|||LTO392|6.930824|-73.773259|Km 9 Troncal Magdalena-Barrancabermeja|Barrancabermeja - Santander|10.4 Km. S.: Los Laureles, Barrancabermeja, Santander|5.5 Km. SE.: Hacienda La India|En: ECOPETROL VRC_GCI_LA CIRA|Log Out|0|2026-06-08 14:48:26|62
LTO658|||LTO658|7.04874|-73.845564|Kr36 35 135|Barrancabermeja - Santander|1.6 Km. SE.: Barrancabermeja, Santander|270 m. SW.: Estación de Servicio Terpel|En: CONSORCIO TABARCA-BARRANCABERMEJA|TDR Apagado|0|2026-06-08 14:54:08|293
LTP971|||LTP971|4.410542|-73.929203|PR 29 Km29 Bogota - Villavicencio|Cáqueza - Cundinamarca|2.0 Km. E.: Cáqueza, Cundinamarca|549 m. W.: Montallantas Km18|En: ENE 6234 OPEX SOT-SOC|TDR Apagado|0|2026-06-08 14:56:50|190
LTP984|||LTP984|4.513957|-73.353295|Kr5 16 163|Medina - Cundinamarca|726 m. NW.: Medina, Cundinamarca|3.1 Km. N.: Aeropuerto Medina|En: ENE 6234 OPEX SOT-SOC|TDR Apagado|0|2026-06-08 14:55:40|332
LTQ136|||LTQ136|4.411244|-73.952353|Cl8 7 578|Cáqueza - Cundinamarca|885 m. NW.: Cáqueza, Cundinamarca|356 m. S.: Retén Militar|En: ENE 6234 OPEX SOT-SOC|TDR Apagado|0|2026-06-08 14:47:47|55
LTS193|||LTS193|4.112375|-73.608147|Tv23 10Sur 350|Villavicencio - Meta|5.5 Km. SE.: Villavicencio, Meta|116 m. W.: Clínica Mental La Cofraternidad|En: ECOPETROL TERMICAS-VILLAVICENCIO|TDR Apagado|0|2026-06-08 14:53:39|109
LTS233|||LTS233|4.410639|-73.929183|PR 29 Km29 Bogota - Villavicencio|Cáqueza - Cundinamarca|2.0 Km. E.: Cáqueza, Cundinamarca|544 m. W.: Montallantas Km18|En: ENE 6234 OPEX SOT-SOC|TDR Apagado|0|2026-06-08 14:53:00|124
LUL081|||LUL081|3.71201|-71.737489|A 295 m. de Mito 1|Puerto Gaitán - Meta|77.1 Km. SE.: Puerto Gaitán, Meta|295 m. E.: Mito 1|En: ECOPETROL O&M-CAÑO SUR|TDR Apagado|0|2026-02-23 09:29:09|100
LUL082|||LUL082|3.773841|-71.657946|Vía La Primera Vara|Puerto Gaitán - Meta|74.6 Km. NW.: Puerto Trujillo, Puerto Gaitán, Meta|33 m. W.: Restaurante El Oasis|En: ECOPETROL TERMORUBIALES-RUBIALES|TDR Apagado|0|2026-06-08 14:14:08|60
LUL083|||LUL083|4.666061|-74.148342|Kr96i 15c 73|Bogotá D.C. - Cundinamarca|994 m. SW.: Fontibón, Bogotá D.C., Cundinamarca|21 m. N.: Taller Turbos de Occidente|En: CENIT ESTACIONES-PUERTO SALGAR|Hibernacion|0|2026-04-01 22:23:14|186
LUL084|||LUL084|4.118235|-73.622446|Anillo Vial al Occidente Cl1 27 340|Villavicencio - Meta|4.1 Km. SE.: Villavicencio, Meta|51 m. SE.: Parqueadero Los Boyacos|En: ECOPETROL TERMICAS-VILLAVICENCIO|Hibernacion|0|2026-05-22 12:14:06|215
LUL085|||LUL085|3.747543|-71.777529|A 431 m. de Ingreso Bloque CPE7|Puerto Gaitán - Meta|71.5 Km. SE.: Puerto Gaitán, Meta|431 m. S.: Ingreso Bloque CPE7|En: ECOPETROL TERMORUBIALES-RUBIALES|GPS Adquirido|0|2026-05-31 01:55:41|0
LUL086|||LUL086|3.799155|-71.430704|A 590 m. de Pozo Rb 321|Puerto Gaitán - Meta|58.1 Km. NW.: Puerto Trujillo, Puerto Gaitán, Meta|590 m. N.: Pozo Rb 321|En: FRONTERA O&M-QUIFA|TDR Apagado|0|2026-06-08 14:22:40|102
LUX622|Dayanis Yulieth Oñate Plata||LUX622|11.122694|-72.637488||Barrancas - La Guajira|5.4 Km. N.: Roche, Barrancas, La Guajira|6.3 Km. SW.: Restaurante Hissy N.1|En: ADMON_Vehiculos_Equipos Stand By|TDR Encendido|20|2026-06-08 15:01:29|126
LUY414|||LUY414|9.775518|-73.472377|A 1224 m. de Hacienda Nueva Oicha|Agustín Codazzi - Cesar|17.4 Km. N.: Boquerón, La Jagua de Ibirico, Cesar|1.2 Km. NW.: Hacienda Nueva Oicha|En: DRUMMOND EQP_LIVIANO|TDR Apagado|0|2026-06-08 14:47:08|121
LUY746|||LUY746|9.621333|-73.586842|Kr6 9 35|El Paso - Cesar|884 m. E.: La Loma, El Paso, Cesar|476 m. E.: Hotel Real de Minas|En: DRUMMOND FACILIDADES|TDR Apagado|0|2026-06-08 14:56:17|310
LUY750|||LUY750|4.410671|-73.92926|PR 29 Km29 Bogota - Villavicencio|Cáqueza - Cundinamarca|2.0 Km. E.: Cáqueza, Cundinamarca|551 m. W.: Montallantas Km18|En: ENE 6234 OPEX SOT-SOC|TDR Apagado|0|2026-06-08 14:59:49|93
LVV580|||LVV580|7.069833|-73.849363|Cl62 31a 53|Barrancabermeja - Santander|1.1 Km. NE.: Barrancabermeja, Santander|46 m. SW.: Mangueras Acoples Correas|En: CONSORCIO TABARCA-BARRANCABERMEJA|TDR Apagado|0|2026-06-08 14:55:11|187
LVX522|||LVX522|10.884467|-72.861114|Cl15 26 51|Fonseca - La Guajira|1.1 Km. W.: Fonseca, La Guajira|274 m. S.: Tienda El Rebusque|En: ADMON_Vehiculos_Equipos Stand By|TDR Apagado|0|2026-06-08 14:31:42|244
LVY198|||LVY198|4.513916|-73.353201|Kr5 16 163|Medina - Cundinamarca|717 m. NW.: Medina, Cundinamarca|3.1 Km. N.: Aeropuerto Medina|En: ENE 6234 OPEX SOT-SOC|TDR Apagado|0|2026-06-08 15:00:28|35
LZK447|||LZK447|7.006577|-73.913693|Cl55 56 38|Yondó - Antioquia|492 m. NW.: Casabe, Yondó, Antioquia|121 m. W.: Estación de Servicio Terpel|En: ECOPETROL VRC-RIO CASABE|TDR Apagado|0|2026-06-08 14:52:07|77
LZW841|||LZW841|4.514141|-73.353307|Kr5 16 163|Medina - Cundinamarca|745 m. NW.: Medina, Cundinamarca|3.1 Km. N.: Aeropuerto Medina|En: ENE 6234 OPEX SOT-SOC|TDR Apagado|0|2026-06-08 15:00:23|293
LZW843|Edinson Javier Berrio Ordoñez||LZW843|4.482211|-73.934532|Cl2 2 59|Ubaque - Cundinamarca|72 m. S.: Ubaque, Cundinamarca|7 m. N.: Cootranscaqueza Ltda|En: ENE 6234 OPEX SOT-SOC|TDR Encendido|10|2026-06-08 15:01:06|57
LZW887|||LZW887|4.401272|-73.946308|Cl3Sur 2 170|Cáqueza - Cundinamarca|487 m. S.: Cáqueza, Cundinamarca|43 m. N.: Víveres Don Fabio|En: ENE 6234 OPEX SOT-SOC|TDR Apagado|0|2026-06-08 14:55:32|123
LZY711|||LZY711|4.514046|-73.353338|Kr5 16 163|Medina - Cundinamarca|737 m. NW.: Medina, Cundinamarca|3.1 Km. N.: Aeropuerto Medina|En: ENE 6234 OPEX SOT-SOC|TDR Apagado|0|2026-06-08 14:59:46|308
NFU546|||NFU546|4.51426|-73.353249|Kr5 16 163|Medina - Cundinamarca|753 m. NW.: Medina, Cundinamarca|3.1 Km. N.: Aeropuerto Medina|En: ENE 6234 OPEX SOT-SOC|TDR Apagado|0|2026-06-08 14:53:29|282
NHQ437|||NHQ437|7.007093|-73.913744|Cl55 56 38|Yondó - Antioquia|540 m. NW.: Casabe, Yondó, Antioquia|145 m. NW.: Estación de Servicio Terpel|En: ECOPETROL VRC-RIO CASABE|TDR Apagado|0|2026-06-08 14:47:14|231
NKY55H|||NKY55H|4.50272|-73.35156|Cl9 9 185|Medina - Cundinamarca|659 m. S.: Medina, Cundinamarca|1.8 Km. N.: Aeropuerto Medina|En: ENE 6234 OPEX SOT-SOC|Reconexion Equipo|1|2026-06-04 03:58:55|0
NMU110|||NMU110|8.635368|-72.732274|Kr3 2 61|Tibú - Norte de Santander|982 m. SE.: Tibú, Norte de Santander|52 m. SW.: Colegio Francisco Jose de Caldas|En: PARQUEDERO TIBÚ|TDR Apagado|0|2026-06-08 14:58:31|322
NMV457|Yurley Estela Diaz Cortes||NMV457|6.936924|-73.76119|Rotonda|Barrancabermeja - Santander|10.3 Km. SE.: Los Laureles, Barrancabermeja, Santander|6.0 Km. N.: Montallantas Opincito|En: PORTERIA LA CIRA|TDR Encendido|12|2026-06-08 14:59:38|348
NQN859|||NQN859|8.635389|-72.732258|Kr3 2 63|Tibú - Norte de Santander|981 m. SE.: Tibú, Norte de Santander|49 m. SW.: Colegio Francisco Jose de Caldas|En: PARQUEDERO TIBÚ|TDR Apagado|0|2026-06-08 14:50:40|70
NQO493|||NQO493|8.635222|-72.732323|Kr3 2 47|Tibú - Norte de Santander|992 m. SE.: Tibú, Norte de Santander|66 m. SW.: Colegio Francisco Jose de Caldas|En: PARQUEDERO TIBÚ|GPS Adquirido|0|2026-06-08 14:54:18|0
NQT297|||NQT297|7.057831|-73.861427|Kr16 47 30|Barrancabermeja - Santander|910 m. W.: Barrancabermeja, Santander|66 m. S.: Catedral Inmaculada|En: CONSORCIO TABARCA-BARRANCABERMEJA|TDR Apagado|7|2026-06-08 14:49:54|157
NQT942|||NQT942|7.063859|-73.853005|Cl54 27 33|Barrancabermeja - Santander|372 m. N.: Barrancabermeja, Santander|129 m. NW.: Confitería Bocaditos|En: CONSORCIO TABARCA-BARRANCABERMEJA|TDR Apagado|0|2026-06-08 14:58:25|241
NSZ032|Wilfredo Villareal Castrol||NSZ032|8.650192|-72.740096|Cl19 14 42|Tibú - Norte de Santander|909 m. N.: Tibú, Norte de Santander|126 m. NW.: Parque la Esperanza|En: ECOPETROL VRC_GCT_CATATUMBO (TIBÚ)|Apagado|0|2026-06-08 12:36:19|252
NUZ333|||NUZ333|4.410782|-73.929389|PR 29 Km29 Bogota - Villavicencio|Cáqueza - Cundinamarca|2.0 Km. E.: Cáqueza, Cundinamarca|562 m. W.: Montallantas Km18|En: ENE 6234 OPEX SOT-SOC|TDR Apagado|0|2026-06-06 09:09:56|265
POS648|Daniel Bueno Romero||POS648|4.628456|-74.083768|Kr32a 25b 43|Bogotá D.C. - Cundinamarca|947 m. SW.: Teusaquillo, Bogotá D.C., Cundinamarca|30 m. NE.: Conjunto Residencial Mirador de Takay|En: ENE 6234 OPEX SOT-SOC|TDR Encendido|6|2026-06-07 10:57:01|7
POV554|Giovanni Londoño Correa||POV554|7.03224|-73.816508|Km 2 Barrancabermeja-Troncal Magdalena|Barrancabermeja - Santander|2.0 Km. NW.: Los Laureles, Barrancabermeja, Santander|1.0 Km. NW.: Parqueadero Exclusivo Hotwell|En: CONSORCIO TABARCA-BARRANCABERMEJA|TDR Encendido|50|2026-06-08 15:00:02|109
PWQ878|||PWQ878|9.505541|-73.487614|A 2013 m. de Hacienda Michoacan|La Jagua de Ibirico - Cesar|5.7 Km. NW.: Arenas Blancas, Chiriguana, Cesar|2.0 Km. SE.: Hacienda Michoacan|En: DRUMMOND FACILIDADES|Fin Ralenti|7|2026-06-08 15:01:27|343
PWQ889|||PWQ889|11.112359|-72.564211||Maicao - La Guajira|1.1 Km. NE.: Tabaco, Hatonuevo, La Guajira|5.9 Km. SE.: Tienda Los Primos|En: ADMON_Vehiculos_Equipos Stand By|Log Out|0|2026-06-08 14:50:45|170
PWQ899|||PWQ899|9.58404|-73.469778|A 656 m. de Hacienda Borrero|La Jagua de Ibirico - Cesar|7.8 Km. SW.: Boquerón, La Jagua de Ibirico, Cesar|656 m. NW.: Hacienda Borrero|En: DRUMMOND FACILIDADES|TDR Apagado|0|2026-06-08 14:55:32|113
PWQ953|||PWQ953|11.130561|-72.631381||Maicao - La Guajira|5.5 Km. SW.: Albania, Maicao, La Guajira|5.2 Km. SW.: Restaurante Hissy N.1|En: ADMON_Vehiculos_Equipos Stand By|TDR Apagado|0|2026-06-08 14:54:23|332
PWQ991|||PWQ991|9.733889|-73.498481|A 1156 m. de Hacienda El Descanso|Becerril - Cesar|14.7 Km. NW.: Boquerón, La Jagua de Ibirico, Cesar|1.2 Km. E.: Hacienda El Descanso|En: DRUMMOND EQP_LIVIANO|TDR Encendido|53|2026-06-08 15:01:03|139
PWR001|||PWR001|9.775718|-73.471635|A 1206 m. de Hacienda Nueva Oicha|Agustín Codazzi - Cesar|17.4 Km. N.: Boquerón, La Jagua de Ibirico, Cesar|1.2 Km. NW.: Hacienda Nueva Oicha|En: DRUMMOND EQP_LIVIANO|TDR Encendido|0|2026-06-08 15:01:08|96
PXN345|||PXN345|7.389748|-73.504666|Cl17 23 101|Sábana de Torres - Santander|757 m. SW.: Sabana de Torres, Sábana de Torres, Santander|821 m. SW.: Cementerio Sabana de Torres|En: ECOPETROL VRC_GMA_MARES CENTRO|TDR Apagado|0|2026-06-08 15:00:54|157
PXP416|||PXP416|9.781338|-73.408031|A 2219 m. de Hacienda Los Angeles|Agustín Codazzi - Cesar|16.6 Km. NW.: Becerril, Cesar|2.2 Km. W.: Hacienda Los Angeles|En: DRUMMOND EQP_LIVIANO|TDR Encendido-No GSM|18|2026-06-08 14:55:24|141
PXP740|||PXP740|9.724935|-73.498866|A 1283 m. de Hacienda El Descanso|Becerril - Cesar|14.0 Km. NW.: Boquerón, La Jagua de Ibirico, Cesar|1.3 Km. SE.: Hacienda El Descanso|En: DRUMMOND EQP_LIVIANO|TDR Apagado|0|2026-06-08 14:59:48|328
PXP761|Técnico Edgar Martínez||PXP761|9.539706|-73.488466|A 2490 m. de Hacienda Michoacan|La Jagua de Ibirico - Cesar|8.8 Km. NW.: Arenas Blancas, Chiriguana, Cesar|2.5 Km. NE.: Hacienda Michoacan|En: DRUMMOND FACILIDADES|Auto|17|2026-06-08 02:22:41|197
PXP799|||PXP799|9.787714|-73.441213||Agustín Codazzi - Cesar|17.8 Km. N.: Boquerón, La Jagua de Ibirico, Cesar|3.7 Km. NE.: Hacienda Nueva Oicha|En: DRUMMOND EQP_LIVIANO|TDR Encendido-No GSM|13|2026-06-08 04:31:34|167
PXP812|Iván René Morales Martínez||PXP812|9.723744|-73.532806|A 2772 m. de Hacienda El Descanso|Becerril - Cesar|13.5 Km. NE.: La Loma, El Paso, Cesar|2.8 Km. W.: Hacienda El Descanso|En: DRUMMOND EQP_LIVIANO|Apagado|0|2026-06-08 15:00:48|184
PXP815|||PXP815|10.836046|-74.775773|A 130 m. de Austin Ingenieros|Malambo - Atlántico|1.9 Km. S.: Malambo, Atlántico|130 m. W.: Austin Ingenieros|91.0 Km. NE.: CONSORCIO TABARCA-CARTAGENA|TDR Apagado|0|2026-06-08 14:56:01|158
PXP833|||PXP833|9.530999|-73.482887|A 2151 m. de Hacienda Michoacan|La Jagua de Ibirico - Cesar|7.7 Km. NW.: Arenas Blancas, Chiriguana, Cesar|2.2 Km. NE.: Hacienda Michoacan|En: DRUMMOND FACILIDADES|Ralenti Excesivo|0|2026-06-08 14:57:35|332
PXP834|||PXP834|9.778263|-73.466251|A 1377 m. de Hacienda Nueva Oicha|Agustín Codazzi - Cesar|17.4 Km. N.: Boquerón, La Jagua de Ibirico, Cesar|1.4 Km. N.: Hacienda Nueva Oicha|En: DRUMMOND EQP_LIVIANO|TDR Encendido|0|2026-06-08 14:57:03|63
QLO286|||QLO286|3.788125|-71.456337|Vía Campamento Base Número Dos|Puerto Gaitán - Meta|59.0 Km. NW.: Puerto Trujillo, Puerto Gaitán, Meta|59 m. W.: Estación de Bombeo Odl|En: ECOPETROL TERMORUBIALES-RUBIALES|Log Out|0|2026-06-08 14:55:28|314
QLO430|Adalberto Peinado Barraza||QLO430|9.785326|-73.429307||Agustín Codazzi - Cesar|17.4 Km. N.: Boquerón, La Jagua de Ibirico, Cesar|3.5 Km. SW.: Hacienda La Escondida|En: DRUMMOND EQP_LIVIANO|TDR Apagado|0|2026-06-08 14:57:25|157
QLO510|||QLO510|9.556067|-73.505595||La Jagua de Ibirico - Cesar|11.3 Km. NE.: La Aurora, Chiriguana, Cesar|4.1 Km. N.: Hacienda Michoacan|En: DRUMMOND FACILIDADES|TDR Apagado|0|2026-06-08 14:47:09|145
QNN496|||QNN496|10.990655|-74.778247|Cl10 50b 78|Barranquilla - Atlántico|4.4 Km. E.: Barranquilla, Atlántico|84 m. E.: Foton Barranquilla|101.0 Km. NE.: CONSORCIO TABARCA-CARTAGENA|Reconexion Equipo|0|2026-06-08 04:53:23|0
QNN499|Gustavo Adolfo Garcia Montero||QNN499|9.774311|-73.47247|A 1114 m. de Hacienda Nueva Oicha|Agustín Codazzi - Cesar|17.3 Km. N.: Boquerón, La Jagua de Ibirico, Cesar|1.1 Km. NW.: Hacienda Nueva Oicha|En: DRUMMOND EQP_LIVIANO|TDR Encendido|10|2026-06-08 15:01:12|352
QON453|||QON453|8.635271|-72.732302|Kr3 2 51|Tibú - Norte de Santander|989 m. SE.: Tibú, Norte de Santander|61 m. SW.: Colegio Francisco Jose de Caldas|En: PARQUEDERO TIBÚ|TDR Apagado|1|2026-06-08 14:59:38|181
RKL411|||RKL411|7.079998|-73.848896|Kr31 76b 47|Barrancabermeja - Santander|2.2 Km. N.: Barrancabermeja, Santander|433 m. NE.: Droguería Farma Lap2|En: CALIBRATION SERVICES|TDR Apagado|0|2026-06-08 14:55:33|281
SPL861|||SPL861|4.737667|-74.030884|Kr8g 160a 31|Bogotá D.C. - Cundinamarca|4.7 Km. N.: Usaquén, Bogotá D.C., Cundinamarca|5 m. S.: Comidas Rápidas U & P|En: ENE 6234 OPEX SOT-SOC|TDR Apagado|0|2026-06-08 14:59:28|287
SSZ805|Alonso Peña Betancur||SSZ805|6.955392|-73.772165|Km 12 Troncal Magdalena-Barrancabermeja|Barrancabermeja - Santander|8.0 Km. SE.: Los Laureles, Barrancabermeja, Santander|4.0 Km. E.: Hacienda La India|En: VRC Base Gran Estación Centro|TDR Apagado|0|2026-06-05 09:00:13|223
SXY800|||SXY800|4.410724|-73.929282|PR 29 Km29 Bogota - Villavicencio|Cáqueza - Cundinamarca|2.0 Km. E.: Cáqueza, Cundinamarca|552 m. W.: Montallantas Km18|En: ENE 6234 OPEX SOT-SOC|TDR Apagado|0|2026-06-08 14:46:30|288
SZO817|||SZO817|6.937294|-73.770972|Km 9 Troncal Magdalena-Barrancabermeja|Barrancabermeja - Santander|9.8 Km. S.: Los Laureles, Barrancabermeja, Santander|5.1 Km. SE.: Hacienda La India|En: ECOPETROL VRC_GCI_LA CIRA|TDR Apagado|0|2026-06-08 14:57:02|145
TAR549|||TAR549|6.937835|-73.771373|Km 9 Troncal Magdalena-Barrancabermeja|Barrancabermeja - Santander|9.8 Km. S.: Los Laureles, Barrancabermeja, Santander|5.1 Km. SE.: Hacienda La India|En: ECOPETROL VRC_GCI_LA CIRA|TDR Apagado|0|2026-06-08 14:53:37|211
TAR551|||TAR551|6.95724|-73.764685||Barrancabermeja - Santander|8.2 Km. SE.: Los Laureles, Barrancabermeja, Santander|4.7 Km. E.: Hacienda La India|En: ECOPETROL VRC_GCI_LA CIRA|TDR Apagado|0|2026-06-08 14:49:35|238
TAR553|||TAR553|7.078593|-73.851617|Kr24 75 64|Barrancabermeja - Santander|2.0 Km. N.: Barrancabermeja, Santander|107 m. NE.: Droguería Farma Lap2|En: CONSORCIO TABARCA-BARRANCABERMEJA|TDR Apagado|0|2026-06-08 14:49:43|163
TAR837|Nilson Junior Ardila Barroso||TAR837|7.343922|-73.895048|Km Puerto Wilches - La Lizama|Puerto Wilches - Santander|1.3 Km. NE.: Puerto Wilches, Santander|21.5 Km. NW.: Ferrocarriles Nacionales De Colombia|En: ECOPETROL VRC-RIO CANTAGALLO|Apagado|0|2026-06-04 16:17:02|103
TAV985|||TAV985|7.042832|-73.825861|Kr64 37 98|Barrancabermeja - Santander|3.5 Km. NW.: Los Laureles, Barrancabermeja, Santander|42 m. NE.: Estación de Servicio Terpel Km 7 Barrancabermeja|En: CONSORCIO TABARCA-BARRANCABERMEJA|TDR Apagado|0|2026-06-08 14:59:22|61
TCV91G|||TCV91G|4.402329|-73.947767|Cl5Sur 1 51|Cáqueza - Cundinamarca|387 m. S.: Cáqueza, Cundinamarca|69 m. NW.: Víveres Angie|En: ENE 6234 OPEX SOT-SOC|TDR Apagado|0|2026-06-08 14:46:34|33
TCV92G|||TCV92G|4.413262|-73.954984|Cl8 7 918|Cáqueza - Cundinamarca|1.3 Km. NW.: Cáqueza, Cundinamarca|154 m. E.: Piscina Municipal Cáqueza|En: ENE 6234 OPEX SOT-SOC|Hibernacion|0|2026-06-08 12:41:19|193
TCV93G|||TCV93G|4.506228|-73.348921|Cl8 7 56|Medina - Cundinamarca|263 m. SE.: Medina, Cundinamarca|2.1 Km. N.: Aeropuerto Medina|En: ENE 6234 OPEX SOT-SOC|Hibernacion|0|2026-06-08 10:00:13|275
TCV94G|José Adrián Rojas Martínez||TCV94G|4.400169|-73.94557|Cl3Sur 3 83|Cáqueza - Cundinamarca|620 m. S.: Cáqueza, Cundinamarca|111 m. SE.: Víveres Don Fabio|En: ENE 6234 OPEX SOT-SOC|Reconexion Equipo|0|2026-06-08 14:02:21|0
TCW97G|||TCW97G|4.39921|-73.949094|Cl4 4Sur 42|Cáqueza - Cundinamarca|763 m. S.: Cáqueza, Cundinamarca|178 m. SW.: Barrio Villas del Palmar Alto|En: ENE 6234 OPEX SOT-SOC|TDR Apagado|0|2026-06-08 14:56:45|44
TIM-003|||TIM-003|||||||||0||0
TIM-005|||TIM-005|5.976364|-74.58641|Kr4 17 24|Puerto Boyacá - Boyacá|779 m. E.: Puerto Boyacá, Boyacá|23 m. N.: Vidriería Nissi|En: 2|TDR Apagado|0|2024-04-12 16:49:50|153
TIM-013|||TIM-013|||||||||0||0
TSX673|||TSX673|7.080233|-73.849063|Kr31 76b 71|Barrancabermeja - Santander|2.2 Km. N.: Barrancabermeja, Santander|434 m. NE.: Droguería Farma Lap2|En: CALIBRATION SERVICES|Reconexion Equipo|0|2026-02-01 08:53:19|0
TTS993|||TTS993|6.955071|-73.772618|Km 12 Troncal Magdalena-Barrancabermeja|Barrancabermeja - Santander|8.0 Km. SE.: Los Laureles, Barrancabermeja, Santander|4.0 Km. E.: Hacienda La India|En: VRC Base Gran Estación Centro|TDR Apagado|0|2026-06-08 14:54:58|82
UBV000|||UBV000|7.080509|-73.830493|A 280 m. de Empresa de Servicios Públicos Aguas de Barrancabermeja S.A|Barrancabermeja - Santander|3.4 Km. NE.: Barrancabermeja, Santander|280 m. N.: Empresa de Servicios Públicos Aguas de Barrancabermeja S.A|En: CONSORCIO TABARCA-BARRANCABERMEJA|TDR Apagado|0|2026-06-08 15:00:27|0
UFX751|German Horacio Suarez Navarro||UFX751|6.955481|-73.772135|Km 12 Troncal Magdalena-Barrancabermeja|Barrancabermeja - Santander|7.9 Km. SE.: Los Laureles, Barrancabermeja, Santander|4.0 Km. E.: Hacienda La India|En: VRC Base Gran Estación Centro|Encendido|0|2025-12-18 10:26:43|172
VNA44F|||VNA44F|4.607504|-74.114078|Kr40 1c 36|Bogotá D.C. - Cundinamarca|835 m. S.: Puente Aranda, Bogotá D.C., Cundinamarca|37 m. SW.: Lavandería Lavaseco Los Cristales|En: ENE 6234 OPEX SOT-SOC|Hibernacion|10|2026-06-08 11:53:26|113
WDP110|||WDP110|8.635291|-72.732368|Kr3 2 57|Tibú - Norte de Santander|982 m. SE.: Tibú, Norte de Santander|65 m. SW.: Colegio Francisco Jose de Caldas|En: PARQUEDERO TIBÚ|TDR Apagado|0|2026-06-08 14:47:11|263
WDP291|||WDP291|8.635313|-72.732257|Kr3 2 53|Tibú - Norte de Santander|988 m. SE.: Tibú, Norte de Santander|54 m. SW.: Colegio Francisco Jose de Caldas|En: PARQUEDERO TIBÚ|TDR Apagado|0|2026-06-08 14:49:29|222
WDP292|||WDP292|8.635318|-72.732293|Kr3 2 57|Tibú - Norte de Santander|985 m. SE.: Tibú, Norte de Santander|57 m. SW.: Colegio Francisco Jose de Caldas|En: PARQUEDERO TIBÚ|TDR Apagado|0|2026-06-08 14:49:27|111
WHO414|||WHO414|7.086554|-73.83965|A 341 m. de Escuela Educativa Barrio San Silvestre|Barrancabermeja - Santander|3.3 Km. NE.: Barrancabermeja, Santander|341 m. N.: Escuela Educativa Barrio San Silvestre|En: CONSORCIO TABARCA-BARRANCABERMEJA|GPS Adquirido|0|2026-06-08 14:43:02|0
WNL990|(Desactivadas) Cliente Drummond 4||WNL990|9.778335|-73.466154|A 1385 m. de Hacienda Nueva Oicha|Agustín Codazzi - Cesar|17.4 Km. N.: Boquerón, La Jagua de Ibirico, Cesar|1.4 Km. N.: Hacienda Nueva Oicha|En: DRUMMOND EQP_LIVIANO|TDR Apagado|0|2024-08-05 18:22:28|84
WNL992|||WNL992|9.771669|-73.418595|A 2049 m. de Hacienda Normandia|Becerril - Cesar|15.8 Km. N.: Boquerón, La Jagua de Ibirico, Cesar|2.0 Km. NW.: Hacienda Normandia|En: DRUMMOND EQP_LIVIANO|TDR Encendido|0|2025-06-09 19:37:49|177
WNL994|||WNL994|11.160747|-72.594798|Kr6 4 94|Maicao - La Guajira|316 m. W.: Albania, Maicao, La Guajira|117 m. SW.: Sala de Belleza Yei Estilo|En: ADMON_Vehiculos_Equipos Stand By|TDR Apagado|0|2024-10-30 12:42:54|359
WNL996|||WNL996|9.625646|-73.589452|Cl11e 7 10|El Paso - Cesar|921 m. NE.: La Loma, El Paso, Cesar|509 m. N.: Hotel Real de Minas|En: DRUMMOND FACILIDADES|TDR Apagado|0|2025-06-28 18:13:59|145
WNN254|TECNICO COLTRACK OSWALDO LEGUIZAMON||WNN254|4.896588|-74.035214|Via Canelon|Cajicá - Cundinamarca|2.6 Km. SW.: Cajicá, Cundinamarca|36 m. NW.: Hacienda El Refugio|82.0 Km. SE.: CENIT ESTACIONES-PUERTO SALGAR|TDR Encendido|0|2026-06-08 15:01:08|238
WOO039|Jarlisson Andrey Carrion Velandia||WOO039|4.483593|-73.935442|Kr3 4 17|Ubaque - Cundinamarca|119 m. NW.: Ubaque, Cundinamarca|12 m. W.: Escuela Ubaque|En: ENE 6234 OPEX SOT-SOC|TDR Encendido|0|2026-06-08 15:00:49|145
WOY414|Taller La Amistad La Jagua de Ibirico||WOY414|9.56589|-73.329552|Cl14 3 75|La Jagua de Ibirico - Cesar|903 m. NE.: La Jagua de Ibirico, Cesar|40 m. E.: Restaurante Menu Urbano|En: DRUMMOND EQP_LIVIANO|Hibernacion|0|2026-05-05 09:59:48|223
WOY418|||WOY418|9.625974|-73.589523|Cl11f 7 1|El Paso - Cesar|945 m. NE.: La Loma, El Paso, Cesar|541 m. N.: Hotel Real de Minas|En: DRUMMOND FACILIDADES|Hibernacion|0|2025-04-23 15:49:51|284
WOY420|||WOY420|11.127386|-72.629103||Maicao - La Guajira|5.5 Km. SW.: Albania, Maicao, La Guajira|5.2 Km. SW.: Restaurante Hissy N.1|En: CERREJON|Apagado|1|2024-04-28 16:26:13|215
WOY421|||WOY421|9.565918|-73.329563|Cl14 3 75|La Jagua de Ibirico - Cesar|904 m. NE.: La Jagua de Ibirico, Cesar|39 m. E.: Restaurante Menu Urbano|En: DRUMMOND EQP_LIVIANO|TDR Encendido|0|2026-02-21 19:08:05|326
WOY427|||WOY427|9.683217|-73.520787|A 1357 m. de Hacienda El Paraiso|Becerril - Cesar|10.8 Km. NE.: La Loma, El Paso, Cesar|1.4 Km. N.: Hacienda El Paraiso|En: DRUMMOND EQP_LIVIANO|TDR Encendido|42|2026-04-07 13:16:41|359
WOY428|||WOY428|9.587651|-73.514528||Chiriguana - Cesar|9.4 Km. E.: La Loma, El Paso, Cesar|5.3 Km. W.: Hacienda Borrero|En: DRUMMOND FACILIDADES|Apagado|0|2026-03-09 06:55:03|342
XTR03H|||XTR03H|4.502292|-73.344612|Medina|Medina - Cundinamarca|894 m. SE.: Medina, Cundinamarca|1.7 Km. N.: Aeropuerto Medina|En: ENE 6234 OPEX SOT-SOC|Hibernacion|0|2026-06-08 14:57:23|94
