Unidad|Empresa|User group|Kms recorridos|Encendido/Apagado|(Ralentis excesivos|Horas motor encendido|Horas motor en ralenti|Consumo de combustible|
GZN239|Mecanicos Asociados S.A. (MASA)||2219.65|242|26|86.38|27.33|50.9|
RHurtado|LHT859|Mecanicos Asociados S.A. (MASA)|RHurtado|138.92|108|10|40.61|15.36|7.69|
KYZ081|Mecanicos Asociados S.A. (MASA)||1265.84|229|10|72.01|28.68|33.35|
NQN859|Mecanicos Asociados S.A. (MASA)||1112.72|232|24|82.82|30.94|31.2|
DRUMMOND O&M Soldadura|PWQ991|Mecanicos Asociados S.A. (MASA)|DRUMMOND O&M Soldadura|0.23|549|65|154.51|59.02||
ECOPETROL VRC-MARES CENTRO|LHR948|Mecanicos Asociados S.A. (MASA)|ECOPETROL VRC-MARES CENTRO|3599.87|169|48|123.97|41.93|81.76|
ECOPETROL O&M RUBIALES|LUL082|Mecanicos Asociados S.A. (MASA)|ECOPETROL O&M RUBIALES|775.82|220|9|89.4|12.78|18.86|
ECOPETROL VRC-TIBÚ|EYY761|Mecanicos Asociados S.A. (MASA)|ECOPETROL VRC-TIBÚ|258.82|77|7|14.49|6.87|7.15|
ECOPETROL O&M RUBIALES|KYZ093|Mecanicos Asociados S.A. (MASA)|ECOPETROL O&M RUBIALES|1300.59|116|5|43.27|13.47|28.98|
ENEL2024|BMV20H|Mecanicos Asociados S.A. (MASA)|ENEL2024|636.07|113|6|24.86|9|10.69|
CERREJON SOLDADURA|KSP713|Mecanicos Asociados S.A. (MASA)|CERREJON SOLDADURA|1015.42|287|111|139.97|101.5|52.65|
ENEL2024|LTS233|Mecanicos Asociados S.A. (MASA)|ENEL2024|1723.41|242|13|79.65|23.16|40.16|
ECOPETROL VRC-MARES CENTRO|LHT929|Mecanicos Asociados S.A. (MASA)|ECOPETROL VRC-MARES CENTRO|2684.41|162|62|132.31|62.53|71.28|
ENEL2024|LZW843|Mecanicos Asociados S.A. (MASA)|ENEL2024|1249.38|165|11|61.09|18.94||
GYY463|Mecanicos Asociados S.A. (MASA)||1558.34|270|7|66.95|18.67|35.56|
LHT939|Mecanicos Asociados S.A. (MASA)||2086.65|254|166|187.15|123.48|80.12|
Rubén Linares|GOC19G|Mecanicos Asociados S.A. (MASA)|Rubén Linares|1486.28|632|1|92.51|37.18||
KSQ846|Mecanicos Asociados S.A. (MASA)||1300.55|199|115|112.08|71.08|48|
ECOPETROL VRC-TIBÚ|EZK146|Mecanicos Asociados S.A. (MASA)|ECOPETROL VRC-TIBÚ|1046.84|144|52|78.11|30.18|29.71|
LUX994|Mecanicos Asociados S.A. (MASA)||11.53|675|99|222.97|110.73|36.76|
ENEL2024|TCW97G|Mecanicos Asociados S.A. (MASA)|ENEL2024|1530.28|162|147|133.13|82.52|68.32|
DRUMMOND O&M Soldadura|PXP416|Mecanicos Asociados S.A. (MASA)|DRUMMOND O&M Soldadura|2471.2|642|389|401.85|287.11||
NQT942|Mecanicos Asociados S.A. (MASA)||1033.59|181|15|60.21|28.72||
JTV356|Mecanicos Asociados S.A. (MASA)||464.37|84|14|28.64|14.76||
KYZ111|Mecanicos Asociados S.A. (MASA)||2432.42|403|32|168.59|59.83|65.64|
TAR837|Mecanicos Asociados S.A. (MASA)||118.37|49|33|30.82|26.45|10.96|
ECOPETROL VRC-MARES CENTRO|GSN329|Mecanicos Asociados S.A. (MASA)|ECOPETROL VRC-MARES CENTRO|2045.76|153|56|99.45|45.88|53.74|
RHurtado|LHT865|Mecanicos Asociados S.A. (MASA)|RHurtado|961.8|51|12|32.05|9.94||
PXP812|Mecanicos Asociados S.A. (MASA)||2878.07|632|394|393.62|282.69||
POV554|Mecanicos Asociados S.A. (MASA)||1073.37|158|36|58.39|27.3||
KTQ543|Mecanicos Asociados S.A. (MASA)||43.33|18|0|2.37|1.04||
DRUMMOND O&M Soldadura|PXP834|Mecanicos Asociados S.A. (MASA)|DRUMMOND O&M Soldadura|2179.61|686|455|417.86|296.05||
CERREJON SOLDADURA|KSP718|Mecanicos Asociados S.A. (MASA)|CERREJON SOLDADURA|3384.41|440|377|383.25|272.26|153.7|
ENEL2024|LIY559|Mecanicos Asociados S.A. (MASA)|ENEL2024|1783.74|307|19|104.12|33.68|44.77|
WNN254|Mecanicos Asociados S.A. (MASA)||133.21|38|23|23.38|18.01||
ECOPETROL VRC-RIO CASABE|LHT915|Mecanicos Asociados S.A. (MASA)|ECOPETROL VRC-RIO CASABE|2027.12|242|202|220.06|152.04|88.42|
NMV457|Mecanicos Asociados S.A. (MASA)||1219.52|126|9|65.29|25.71|31.49|
GZN373|Mecanicos Asociados S.A. (MASA)||1138.68|259|10|59.31|17.86|27.38|
Rubén Linares|FDU03I|Mecanicos Asociados S.A. (MASA)|Rubén Linares|1212.77|561|1|63.25|18.06||
ENEL2024|LTP971|Mecanicos Asociados S.A. (MASA)|ENEL2024|528.67|204|42|51.36|36.74|22.1|
ECOPETROL VRC CIRA|FSP005|Mecanicos Asociados S.A. (MASA)|ECOPETROL VRC CIRA|1069.57|156|65|80.73|42.24|34.12|
LHT809|Mecanicos Asociados S.A. (MASA)||2655.81|211|45|140.62|48.53|66.12|
LPL235|Mecanicos Asociados S.A. (MASA)||1093.06|146|25|68.15|29.93|30.5|
LHT819|Mecanicos Asociados S.A. (MASA)||2377.04|388|47|146.97|66.03|66.64|
ENEL2024|SXY800|Mecanicos Asociados S.A. (MASA)|ENEL2024|1053.84|84|45|85.63|37.81|32.36|
ENEL2024|LUY750|Mecanicos Asociados S.A. (MASA)|ENEL2024|1785.61|216|25|93.38|31.86|44.2|
KTR515|Mecanicos Asociados S.A. (MASA)||1300.49|252|16|70.96|28|33.78|
ECOPETROL VRC-MARES CENTRO|LHT907|Mecanicos Asociados S.A. (MASA)|ECOPETROL VRC-MARES CENTRO|1546.37|134|22|58|19.14|35.49|
TAV985|Mecanicos Asociados S.A. (MASA)||4784.73|207|114|164|59.97|110.07|
LPP954|Mecanicos Asociados S.A. (MASA)||1090.46|169|8|51.14|16.11|25.89|
ENEL2024|POS648|Mecanicos Asociados S.A. (MASA)|ENEL2024|1576.35|202|6|65.47|19.69||
ENEL2024|TCV94G|Mecanicos Asociados S.A. (MASA)|ENEL2024|2115.39|170|191|137.63|83.1|72.76|
RHurtado|KYZ085|Mecanicos Asociados S.A. (MASA)|RHurtado|2320.92|314|39|110.49|40.01|56.99|
ENEL2024|GVX979|Mecanicos Asociados S.A. (MASA)|ENEL2024|1321.54|145|48|104.4|65.52||
RHurtado|GSN615|Mecanicos Asociados S.A. (MASA)|RHurtado|1528.9|86|14|44.69|13.72|33.37|
WDP291|Mecanicos Asociados S.A. (MASA)||808.61|206|25|62.86|25.69|23.73|
RHurtado|LHV959|Mecanicos Asociados S.A. (MASA)|RHurtado|1036.87|97|8|35.29|11.89|23.49|
LPL384|Mecanicos Asociados S.A. (MASA)||1533.52|197|63|103.32|50.15|45.48|
KOK546|Mecanicos Asociados S.A. (MASA)||1039.86|285|206|184.84|149.18||
LHR956|Mecanicos Asociados S.A. (MASA)||1117.67|250|21|79.73|36.11|33|
QLO430|Mecanicos Asociados S.A. (MASA)||1454.59|346|80|110.72|58.71||
LHT111|Mecanicos Asociados S.A. (MASA)||2280.48|179|62|117.36|53.38|60.64|
LHT113|Mecanicos Asociados S.A. (MASA)||1521.34|160|56|115.82|63.85|49.78|
KOX892|Mecanicos Asociados S.A. (MASA)||1616.19|237|31|80.67|32.35|41.17|
NSZ032|Mecanicos Asociados S.A. (MASA)||913.46|207|25|61.26|24.92|25.46|
KYZ105|Mecanicos Asociados S.A. (MASA)||1662.14|257|49|91.94|43.07|45.57|
GZW188|Mecanicos Asociados S.A. (MASA)||2006.69|233|11|66.48|13.25|42.23|
ECOPETROL VRC-RIO CASABE|LHW589|Mecanicos Asociados S.A. (MASA)|ECOPETROL VRC-RIO CASABE|1649.87|263|97|122.2|69.31|54|
ECOPETROL VRC-TIBÚ|EYZ893|Mecanicos Asociados S.A. (MASA)|ECOPETROL VRC-TIBÚ|1105.98|203|27|88.83|32.42|31.57|
KYZ103|Mecanicos Asociados S.A. (MASA)||1197.43|155|7|43.47|12.85|26.83|
GJN99I|Mecanicos Asociados S.A. (MASA)||80.51|10|0|4.2|1.51||
ENEL2024|TCV92G|Mecanicos Asociados S.A. (MASA)|ENEL2024|2042.16|203|191|176.43|109.65|90.84|
LHR949|Mecanicos Asociados S.A. (MASA)||1232.68|93|87|103.14|65.41|44.84|
LHW440|Mecanicos Asociados S.A. (MASA)||1743.88|184|18|68.68|21.83|40.11|
ECOPETROL VRC-RIO CASABE|LZK447|Mecanicos Asociados S.A. (MASA)|ECOPETROL VRC-RIO CASABE|599.86|155|46|65.28|41.32|24.95|
LHR953|Mecanicos Asociados S.A. (MASA)||2727.06|214|223|180.62|98.87|84.08|
GSO698|Mecanicos Asociados S.A. (MASA)||2696.62|471|80|153.09|71.55||
ENEL2024|NUZ333|Mecanicos Asociados S.A. (MASA)|ENEL2024|2016.87|87|67|152.31|98.22||
KSZ112|Mecanicos Asociados S.A. (MASA)||219.86|156|23|41.3|26.04||
Equirent TAR549|TAR549|Mecanicos Asociados S.A. (MASA)|Equirent TAR549|1270.94|207|25|73.17|29.34|33.66|
GJV36I|Mecanicos Asociados S.A. (MASA)||31.12|13|0|2.15|1.2||
Rubén Linares|HVX25H|Mecanicos Asociados S.A. (MASA)|Rubén Linares|1317.57|685|8|104.2|45.38||
DRUMMOND MANTTO GEOLOGÍA|QNN499|Mecanicos Asociados S.A. (MASA)|DRUMMOND MANTTO GEOLOGÍA|4615.92|1061|486|412.46|253.74||
ECOPETROL VRC-MARES CENTRO|KTM243|Mecanicos Asociados S.A. (MASA)|ECOPETROL VRC-MARES CENTRO|2377.14|175|46|104.33|43.38||
ENEL2024|NKY55H|Mecanicos Asociados S.A. (MASA)|ENEL2024|1141.01|168|3|42.55|14.19||
ECOPETROL VRC-TIBÚ|GQW269|Mecanicos Asociados S.A. (MASA)|ECOPETROL VRC-TIBÚ|1165.2|210|26|70.9|29.55|31.74|
ENEL2024|GUR715|Mecanicos Asociados S.A. (MASA)|ENEL2024|152.05|193|25|86.95|36.37||
LPO645|Mecanicos Asociados S.A. (MASA)||4081.34|779|31|266.17|90.26||
ECOPETROL VRC-MARES CENTRO|GKP994|Mecanicos Asociados S.A. (MASA)|ECOPETROL VRC-MARES CENTRO|2242.33|163|67|112.96|54.41|60.26|
ECOPETROL O&M RUBIALES|LUL086|Mecanicos Asociados S.A. (MASA)|ECOPETROL O&M RUBIALES|1522.12|409|43|112.33|46.49|44.06|
LPN770|Mecanicos Asociados S.A. (MASA)||1478.9|189|5|65.08|20.72|34.74|
KMV844|Mecanicos Asociados S.A. (MASA)||2225.02|230|52|160.01|89.14|71.4|
CERREJON SOLDADURA|KSP714|Mecanicos Asociados S.A. (MASA)|CERREJON SOLDADURA|25.18|47|12|7.93|6.75|2.7|
ENEL2024|ESX962|Mecanicos Asociados S.A. (MASA)|ENEL2024|873.38|147|89|117.06|68.93|39.23|
ECOPETROL VRC-RIO CASABE|KYZ117|Mecanicos Asociados S.A. (MASA)|ECOPETROL VRC-RIO CASABE|2597.51|164|328|326.85|230.1|124.94|
ECOPETROL VRC CIRA|GQW379|Mecanicos Asociados S.A. (MASA)|ECOPETROL VRC CIRA|1069.75|52|151|157.71|113.28|57.57|
KTR522|Mecanicos Asociados S.A. (MASA)||936.91|264|21|66.93|32.19|28.3|
LHW430|Mecanicos Asociados S.A. (MASA)||2805.37|222|15|87.29|24.1|60.89|
WHO414|Mecanicos Asociados S.A. (MASA)||217.5|45|10|16.74|9.17||
Rubén Linares|VNA44F|Mecanicos Asociados S.A. (MASA)|Rubén Linares|805.52|180|2|39.23|12.28||
ECOPETROL VRC-MARES CENTRO|LTO658|Mecanicos Asociados S.A. (MASA)|ECOPETROL VRC-MARES CENTRO|1343.35|122|7|43.6|14.25|30.05|
DRUMMOND O&M Soldadura|PWQ899|Mecanicos Asociados S.A. (MASA)|DRUMMOND O&M Soldadura|3406.26|615|116|199.18|93.34||
KSR316|Mecanicos Asociados S.A. (MASA)||1934.5|465|263|239.05|177.31|95.01|
ECOPETROL VRC-RIO CASABE|GYY559|Mecanicos Asociados S.A. (MASA)|ECOPETROL VRC-RIO CASABE|1677.94|254|98|138.73|81.86|58.67|
ECOPETROL VRC CIRA|GQV131|Mecanicos Asociados S.A. (MASA)|ECOPETROL VRC CIRA|796.72|162|96|92.83|63.97|36.14|
ECOPETROL VRC-MARES CENTRO|LHT945|Mecanicos Asociados S.A. (MASA)|ECOPETROL VRC-MARES CENTRO|2279.83|220|8|85.39|27.47|52.08|
ECOPETROL VRC CIRA|GQW076|Mecanicos Asociados S.A. (MASA)|ECOPETROL VRC CIRA|1039.84|133|133|134.8|94.65|50.85|
LHT935|Mecanicos Asociados S.A. (MASA)||1324.64|211|13|78.21|33.75|36.13|
ECOPETROL VRC-MARES CENTRO|LHR955|Mecanicos Asociados S.A. (MASA)|ECOPETROL VRC-MARES CENTRO|3862.71|159|37|119.28|35.57|84.62|
KYZ115|Mecanicos Asociados S.A. (MASA)||2140.79|257|50|108.28|47.67|56.12|
LHT919|Mecanicos Asociados S.A. (MASA)||3817.4|256|235|275.66|156.51|123.67|
KYZ113|Mecanicos Asociados S.A. (MASA)||551.78|111|15|29.95|14.58|15.22|
ECOPETROL VRC-RIO CASABE|LHT889|Mecanicos Asociados S.A. (MASA)|ECOPETROL VRC-RIO CASABE|1071.83|199|70|98.98|60.88|40.31|
RHurtado|LHW559|Mecanicos Asociados S.A. (MASA)|RHurtado|1887.85|210|25|91.05|35.7|47.4|
NHQ437|Mecanicos Asociados S.A. (MASA)||883.47|117|106|115.03|82.17||
NMU110|Mecanicos Asociados S.A. (MASA)||1315.91|213|38|83.74|31.49|35.22|
JOU948|Mecanicos Asociados S.A. (MASA)||883.66|113|147|135.64|103||
ENEL2024|LZY711|Mecanicos Asociados S.A. (MASA)|ENEL2024|1856.32|236|27|77.6|29.26|44.68|
LHT927|Mecanicos Asociados S.A. (MASA)||947.3|290|36|80.05|45.15|32.77|
ENEL2024|LZW841|Mecanicos Asociados S.A. (MASA)|ENEL2024|1716.47|259|18|65.57|18.36|38.45|
TTS993|Mecanicos Asociados S.A. (MASA)||742.59|147|133|104.4|72.42|37.91|
CERREJON SOLDADURA|KSP716|Mecanicos Asociados S.A. (MASA)|CERREJON SOLDADURA|1682.63|390|117|139.86|86.96|60.45|
Rubén Linares|CUD86I|Mecanicos Asociados S.A. (MASA)|Rubén Linares|1185.1|414|6|93.63|39.24||
ECOPETROL VRC-RIO CASABE|GLR384|Mecanicos Asociados S.A. (MASA)|ECOPETROL VRC-RIO CASABE|2179.28|205|88|150.54|78.81|67.13|
ENEL2024|LTQ136|Mecanicos Asociados S.A. (MASA)|ENEL2024|1375.95|228|13|77.86|25.82|34.48|
ECOPETROL VRC CIRA|DMO583|Mecanicos Asociados S.A. (MASA)|ECOPETROL VRC CIRA|2632.84|380|105|139.41|65.76|71.38|
GQV768|Mecanicos Asociados S.A. (MASA)||858.98|168|28|69.73|27.73||
LGW438|Mecanicos Asociados S.A. (MASA)||3323.84|208|23|103.31|28.41|72.09|
GYR942|Mecanicos Asociados S.A. (MASA)||1706.06|228|12|70.87|22.33|39.56|
LHS691|Mecanicos Asociados S.A. (MASA)||1129.96|147|6|47.86|16.69|26.83|
LHR561|Mecanicos Asociados S.A. (MASA)||1353.96|170|17|59.85|20.54||
RHurtado|KYZ083|Mecanicos Asociados S.A. (MASA)|RHurtado|544.64|42|1|23.38|7.59|12.78|
LHR957|Mecanicos Asociados S.A. (MASA)||1704.62|295|37|94.24|39.96|45.35|
LPL338|Mecanicos Asociados S.A. (MASA)||2126.34|228|107|164.56|93.28|70.9|
RHurtado|LHW539|Mecanicos Asociados S.A. (MASA)|RHurtado|2875.82|145|8|78.19|17.21|59.94|
ENEL2024|LTS193|Mecanicos Asociados S.A. (MASA)|ENEL2024|2581.47|264|12|95.23|25.36|57.08|
ECOPETROL VRC-TIBÚ|EYZ828|Mecanicos Asociados S.A. (MASA)|ECOPETROL VRC-TIBÚ|1808.18|189|19|81.02|24.67|42.26|
Rubén Linares|DHQ25I|Mecanicos Asociados S.A. (MASA)|Rubén Linares|2125.97|252|7|95.77|29.39||
FST449|Mecanicos Asociados S.A. (MASA)||823.36|133|117|97.85|69.71|38.54|
LHT845|Mecanicos Asociados S.A. (MASA)||1556.19|276|18|82.49|29.61|39.13|
GZO900|Mecanicos Asociados S.A. (MASA)||1368.66|221|30|81.66|39.89|38.99|
ENEL2024|JOU738|Mecanicos Asociados S.A. (MASA)|ENEL2024|2538.74|255|29|119.72|34.79||
CERREJON SOLDADURA|KSP720|Mecanicos Asociados S.A. (MASA)|CERREJON SOLDADURA|3356.63|466|305|316.28|207.7|131.87|
LHT937|Mecanicos Asociados S.A. (MASA)||2234.11|247|65|113|47.09|57.69|
RHurtado|LHW470|Mecanicos Asociados S.A. (MASA)|RHurtado|3162.06|245|74|127.42|54.02|77.49|
DRUMMOND O&M Soldadura|LUY414|Mecanicos Asociados S.A. (MASA)|DRUMMOND O&M Soldadura|3098.7|404|83|150.61|63.89||
LHT897|Mecanicos Asociados S.A. (MASA)||1299.49|248|28|84.57|40.72|37.96|
LHT947|Mecanicos Asociados S.A. (MASA)||3018.88|421|27|194.61|68.4|79.53|
FST050|Mecanicos Asociados S.A. (MASA)||178.23|114|51|54.61|47.94||
ECOPETROL VRC-MARES CENTRO|GQW746|Mecanicos Asociados S.A. (MASA)|ECOPETROL VRC-MARES CENTRO|1736.71|139|64|105.31|51.16|49.65|
ECOPETROL VRC-RIO CASABE|KTQ224|Mecanicos Asociados S.A. (MASA)|ECOPETROL VRC-RIO CASABE|1288.18|198|64|96.41|49.91|40.78|
GSN681|Mecanicos Asociados S.A. (MASA)||2138.56|436|42|118.47|52.98|57.83|
KOX517|Mecanicos Asociados S.A. (MASA)||3042.18|213|16|85.85|19.46|63.82|
GZH37G|Mecanicos Asociados S.A. (MASA)||431.11|364|3|36.02|18.3||
ECOPETROL VRC-MARES CENTRO|LHW579|Mecanicos Asociados S.A. (MASA)|ECOPETROL VRC-MARES CENTRO|1612.65|67|35|68.91|33.08|41.34|
ENEL2024|LJK859|Mecanicos Asociados S.A. (MASA)|ENEL2024|1832.08|255|30|103.59|30.97|44.79|
KOY804|Mecanicos Asociados S.A. (MASA)||1327.83|167|4|59.61|18.81|31.26|
RHurtado|KYZ091|Mecanicos Asociados S.A. (MASA)|RHurtado|1666.65|138|6|60.3|14.96|36.38|
Rubén Linares|KRN89G|Mecanicos Asociados S.A. (MASA)|Rubén Linares|1465.74|220|12|68.54|24.26||
DRUMMOND MANTTO GEOLOGÍA|LUY746|Mecanicos Asociados S.A. (MASA)|DRUMMOND MANTTO GEOLOGÍA|2266.38|342|18|93.55|28.74|52.25|
ECOPETROL VRC-RIO CANTAGALLO|FSO042|Mecanicos Asociados S.A. (MASA)|ECOPETROL VRC-RIO CANTAGALLO|297.12|107|6|24.77|13.89|10.19|
LHT949|Mecanicos Asociados S.A. (MASA)||1813.24|100|87|105.67|49.04|50.4|
RHurtado|LHW599|Mecanicos Asociados S.A. (MASA)|RHurtado|1793.13|167|2|64.23|14.25|38.54|
ECOPETROL VRC-TIBÚ|EYZ857|Mecanicos Asociados S.A. (MASA)|ECOPETROL VRC-TIBÚ|1264.36|246|15|77.57|25.58|32.3|
RHurtado|LHT875|Mecanicos Asociados S.A. (MASA)|RHurtado|2189.43|278|24|78.54|23.09|48.93|
ENEL2024|LZW887|Mecanicos Asociados S.A. (MASA)|ENEL2024|2437.21|191|29|99.4|31.51|56.38|
LPO008|Mecanicos Asociados S.A. (MASA)||1379.39|202|21|62.97|23.86|33.9|
IDZ623|IDZ623|Mecanicos Asociados S.A. (MASA)|IDZ623|827.13|151|17|58.08|27.9|24.81|
GHP708|Mecanicos Asociados S.A. (MASA)||200.68|25|8|13.28|5.95||
ENEL2024|LVY198|Mecanicos Asociados S.A. (MASA)|ENEL2024|1874.6|189|22|67.97|18.33|41.42|
Rubén Linares|IEW40G|Mecanicos Asociados S.A. (MASA)|Rubén Linares|1378.13|764|0|93|30.25||
NQT297|Mecanicos Asociados S.A. (MASA)||1180.4|195|55|80.63|38.71||
KYZ109|Mecanicos Asociados S.A. (MASA)||1891.85|226|88|107.5|54.54|53.69|
ECOPETROL O&M RUBIALES|LUL084|Mecanicos Asociados S.A. (MASA)|ECOPETROL O&M RUBIALES|5.32|24|1|1|0.84|0.38|
LHR143|Mecanicos Asociados S.A. (MASA)||2025.77|216|4|79.21|21.88||
KOV207|Mecanicos Asociados S.A. (MASA)||982.53|184|19|55.34|25.16|26.84|
LPN910|Mecanicos Asociados S.A. (MASA)||1303.77|162|11|50.02|12.17|28.62|
Rubén Linares|FFA64I|Mecanicos Asociados S.A. (MASA)|Rubén Linares|996.53|508|9|90.46|45.12||
LHT294|Mecanicos Asociados S.A. (MASA)||1836.59|158|3|64.79|15.76||
ECOPETROL VRC-RIO CASABE|KSZ330|Mecanicos Asociados S.A. (MASA)|ECOPETROL VRC-RIO CASABE|820.78|140|114|124.79|87.17|44.25|
KYZ099|Mecanicos Asociados S.A. (MASA)||675999.1|263|8|64.02|26.24|12763.36|
LQM267|Mecanicos Asociados S.A. (MASA)||1095.45|172|46|77.23|39.97||
ENEL2024|LTP984|Mecanicos Asociados S.A. (MASA)|ENEL2024|1330.68|223|7|69.04|20.64|31.92|
RHurtado|LHT759|Mecanicos Asociados S.A. (MASA)|RHurtado|1123.81|176|19|50.95|21.26|28.22|
LHT839|Mecanicos Asociados S.A. (MASA)||2395.54|352|19|117.84|45.16|60.1|
RHurtado|LHT849|Mecanicos Asociados S.A. (MASA)|RHurtado|1624.31|403|106|161.23|95.75|62.24|
ECOPETROL VRC-MARES CENTRO|LHT855|Mecanicos Asociados S.A. (MASA)|ECOPETROL VRC-MARES CENTRO|1270|151|10|58.7|24.31|31.98|
RHurtado|LHT879|Mecanicos Asociados S.A. (MASA)|RHurtado|1747.77|171|9|74.86|24.88|41.19|
LHT909|Mecanicos Asociados S.A. (MASA)||3543.85|180|81|152.45|65.89|88.61|
LQU707|Mecanicos Asociados S.A. (MASA)||2642.38|187|2|78.64|18.42||
LHT825|Mecanicos Asociados S.A. (MASA)||2748.64|146|157|194.11|106.27|86.93|
ECOPETROL VRC-MARES CENTRO|LHR952|Mecanicos Asociados S.A. (MASA)|ECOPETROL VRC-MARES CENTRO|3453.77|179|43|115.81|36.45|77.19|
WDP292|Mecanicos Asociados S.A. (MASA)||1108.11|191|26|68.46|26.28|29.58|
KOY513|Mecanicos Asociados S.A. (MASA)||1885.93|346|27|108.82|46.33|50.87|
LHT917|Mecanicos Asociados S.A. (MASA)||1144.93|268|7|65.36|25.28|29.94|
EYZ521|Mecanicos Asociados S.A. (MASA)||580.46|159|24|50.52|20.96||
QNN496|Mecanicos Asociados S.A. (MASA)||4383.98|639|486|415.47|259.88||
ENEL2024|BMV19H|Mecanicos Asociados S.A. (MASA)|ENEL2024|451.49|133|16|27.01|13.64|12.66|
KYX645|Mecanicos Asociados S.A. (MASA)||523.37|120|39|44.02|26.53|18.63|
ECOPETROL VRC-MARES CENTRO|JKW967|Mecanicos Asociados S.A. (MASA)|ECOPETROL VRC-MARES CENTRO|1691.35|120|12|56.54|17.38|37.65|
GZO485|Mecanicos Asociados S.A. (MASA)||1543.48|174|62|99.17|50.18|45.68|
ECOPETROL VRC-MARES CENTRO|KYX710|Mecanicos Asociados S.A. (MASA)|ECOPETROL VRC-MARES CENTRO|1463.29|131|11|48.06|12.57|31.76|
LHR697|Mecanicos Asociados S.A. (MASA)||1627.9|150|48|88.83|39.39|43.71|
JTV613|Mecanicos Asociados S.A. (MASA)||1031.68|169|38|62.02|30.14||
IHV61F|Mecanicos Asociados S.A. (MASA)||447.44|87|0|19.94|4.55||
DRUMMOND O&M Soldadura|PXP799|Mecanicos Asociados S.A. (MASA)|DRUMMOND O&M Soldadura|985.28|218|128|118.82|80.77||
CERREJON SOLDADURA|KSP719|Mecanicos Asociados S.A. (MASA)|CERREJON SOLDADURA|1406.18|322|104|104.63|60.47|46.49|
LHW480|Mecanicos Asociados S.A. (MASA)||2036.94|195|17|90.03|32.22|49.07|
PWQ889|Mecanicos Asociados S.A. (MASA)||1963.07|339|40|103.17|44.42||
ECOPETROL VRC-MARES CENTRO|LFZ656|Mecanicos Asociados S.A. (MASA)|ECOPETROL VRC-MARES CENTRO|1433.48|132|12|58.1|19.47|33.47|
LVX522|Mecanicos Asociados S.A. (MASA)||2571.34|117|9|73.71|16.93||
LPM365|Mecanicos Asociados S.A. (MASA)||2086.73|132|151|171.94|106.52||
ENEL2024|XTR03H|Mecanicos Asociados S.A. (MASA)|ENEL2024|2240.02|393|61|117.53|50.5||
ECOPETROL VRC-MARES CENTRO|LHR659|Mecanicos Asociados S.A. (MASA)|ECOPETROL VRC-MARES CENTRO|2723.65|211|20|107.56|39.13|64.3|
ENEL2024|LHR106|Mecanicos Asociados S.A. (MASA)|ENEL2024|917.67|134|16|40.17|15.15|22.31|
LFX481|Mecanicos Asociados S.A. (MASA)||3019.07|229|33|96.82|25.61|65.42|
WDP110|Mecanicos Asociados S.A. (MASA)||410.31|133|37|43.57|29.5||
ECOPETROL VRC-RIO CASABE|LHR954|Mecanicos Asociados S.A. (MASA)|ECOPETROL VRC-RIO CASABE|2901.23|643|137|223.93|120.36|94.46|
LPL945|Mecanicos Asociados S.A. (MASA)||1162.78|148|32|64.23|27.25||
DRUMMOND O&M Soldadura|PWQ878|Mecanicos Asociados S.A. (MASA)|DRUMMOND O&M Soldadura|4190.99|445|534|475.56|310.08||
ECOPETROL VRC-MARES CENTRO|KYZ097|Mecanicos Asociados S.A. (MASA)|ECOPETROL VRC-MARES CENTRO|2012.46|228|99|129.81|73.02|62.07|
Rubén Linares|DUZ56G|Mecanicos Asociados S.A. (MASA)|Rubén Linares|1074.55|167|7|45.35|13.7||
ECOPETROL VRC-MARES CENTRO|KSZ989|Mecanicos Asociados S.A. (MASA)|ECOPETROL VRC-MARES CENTRO|1583.82|186|26|58.22|21.48|36.97|
ECOPETROL VRC-TIBÚ|EZK035|Mecanicos Asociados S.A. (MASA)|ECOPETROL VRC-TIBÚ|1470.97|360|25|88.48|25.16|36.06|
BVJ95G|Mecanicos Asociados S.A. (MASA)||49.04|19|1|3.21|2.35||
DRUMMOND O&M Soldadura|LQW213|Mecanicos Asociados S.A. (MASA)|DRUMMOND O&M Soldadura|173.99|53|8|9.91|6.45||
KYZ089|Mecanicos Asociados S.A. (MASA)||2130.08|289|69|117.96|51.63|57.23|
ECOPETROL VRC-MARES CENTRO|LHT885|Mecanicos Asociados S.A. (MASA)|ECOPETROL VRC-MARES CENTRO|123494.86|198|43|106.07|41.05|2343.64|
CERREJON SOLDADURA|KSP722|Mecanicos Asociados S.A. (MASA)|CERREJON SOLDADURA|2947.7|503|217|239.61|146.92|104.1|
LUX622|Mecanicos Asociados S.A. (MASA)||2742.22|431|76|149.74|70.26||
LHT805|Mecanicos Asociados S.A. (MASA)||2399.38|372|107|155.16|77.45|70.83|
SPL861|Mecanicos Asociados S.A. (MASA)||9.02|43|21|17.69|17.29|5.88|
Equirent S.A|TAR553|Mecanicos Asociados S.A. (MASA)|Equirent S.A|381.27|224|158|129.81|85.79|35.5|
RHurtado|LHW490|Mecanicos Asociados S.A. (MASA)|RHurtado|1775.03|203|6|68.67|17.83|39.37|
JRN784|Mecanicos Asociados S.A. (MASA)||913.76|276|21|70.94|33.07|28.15|
DRUMMOND O&M Soldadura|PXP833|Mecanicos Asociados S.A. (MASA)|DRUMMOND O&M Soldadura|3787.37|761|416|437.88|318.95||
DRUMMOND O&M Soldadura|PXP740|Mecanicos Asociados S.A. (MASA)|DRUMMOND O&M Soldadura|1898.21|405|257|243.5|178.26||
KTR516|Mecanicos Asociados S.A. (MASA)||876.14|191|13|47.35|20.17|23.19|
QLO510|Mecanicos Asociados S.A. (MASA)||929.43|240|48|63.98|32.92||
ECOPETROL VRC-MARES PROVINCIA|GQW223|Mecanicos Asociados S.A. (MASA)|ECOPETROL VRC-MARES PROVINCIA|970.47|157|37|56.02|27.44|27.37|
LVV580|Mecanicos Asociados S.A. (MASA)||1322.17|148|8|44.72|15.13||
KSR314|Mecanicos Asociados S.A. (MASA)||2381.8|483|291|280.38|202.9|111.9|
ECOPETROL VRC-MARES CENTRO|UBV000|Mecanicos Asociados S.A. (MASA)|ECOPETROL VRC-MARES CENTRO|795.25|156|19|52.59|24.05|22.94|
SSZ805|Mecanicos Asociados S.A. (MASA)||272.69|66|38|41.88|32.52|15.88|
PWQ953|Mecanicos Asociados S.A. (MASA)||2280.2|348|64|109.95|46.61||
SZO817|Mecanicos Asociados S.A. (MASA)||338.61|68|17|23.92|12.98|10.67|
LHT925|Mecanicos Asociados S.A. (MASA)||4592.68|181|286|355.09|214.35|157.39|
PXP761|Mecanicos Asociados S.A. (MASA)||2891.57|618|300|389.9|285.55||
JSL356|Mecanicos Asociados S.A. (MASA)||104.07|40|22|18.13|14.86||
KSV917|Mecanicos Asociados S.A. (MASA)||1397.26|350|74|122.9|65.98|48.14|
KOV653|Mecanicos Asociados S.A. (MASA)||958.07|212|60|84.42|45.95|33.24|
QON453|Mecanicos Asociados S.A. (MASA)||516.41|138|24|42.97|20.17||
ECOPETROL VRC-TIBÚ|GQV886|Mecanicos Asociados S.A. (MASA)|ECOPETROL VRC-TIBÚ|1776.08|259|15|97.61|27.53|42.6|
ENEL2024|TCV91G|Mecanicos Asociados S.A. (MASA)|ENEL2024|2068.84|214|150|147.27|74.27|66.26|
ECOPETROL VRC CIRA|GKV793|Mecanicos Asociados S.A. (MASA)|ECOPETROL VRC CIRA|25877.83|120|155|95.83|68.93|511.01|
ECOPETROL VRC-TIBÚ|EZK084|Mecanicos Asociados S.A. (MASA)|ECOPETROL VRC-TIBÚ|1293.88|176|17|72.84|26.53|33.17|
KZP150|Mecanicos Asociados S.A. (MASA)||1345.61|179|6|61.68|19.26||
RHurtado|GSO603|Mecanicos Asociados S.A. (MASA)|RHurtado|3326.97|441|2|128.18|29.31|72.44|
KSR312|Mecanicos Asociados S.A. (MASA)||3525.97|418|290|306|187.46|128.39|
RHurtado|LHR950|Mecanicos Asociados S.A. (MASA)|RHurtado|2148.47|189|27|85.32|29.89|50.4|
ECOPETROL VRC-MARES CENTRO|LHT905|Mecanicos Asociados S.A. (MASA)|ECOPETROL VRC-MARES CENTRO|3776.36|158|45|124.68|41.72|85.02|
DRUMMOND O&M Soldadura|PXN345|Mecanicos Asociados S.A. (MASA)|DRUMMOND O&M Soldadura|1504.96|236|22|72.46|26.19||
DRUMMOND O&M Soldadura|PWR001|Mecanicos Asociados S.A. (MASA)|DRUMMOND O&M Soldadura|3577.96|802|189|265.61|131.28||
QLO286|Mecanicos Asociados S.A. (MASA)||6220.25|721|55|376.98|139.05||
ENEL2024|HFZ172|Mecanicos Asociados S.A. (MASA)|ENEL2024|2118.22|203|25|77.91|30.69|50.09|
ECOPETROL VRC-TIBÚ|EYZ587|Mecanicos Asociados S.A. (MASA)|ECOPETROL VRC-TIBÚ|541.22|115|53|61.19|38.34|22.86|
DRUMMOND O&M Soldadura|PXP815|Mecanicos Asociados S.A. (MASA)|DRUMMOND O&M Soldadura|2651.19|549|377|405.71|296.53||
TAR551|Mecanicos Asociados S.A. (MASA)||1267.3|177|40|75.45|32.19|34.53|
LTO392|Mecanicos Asociados S.A. (MASA)||1276.11|247|46|82.22|41.56||
ECOPETROL VRC ADMINISTRACION|RKL411|Mecanicos Asociados S.A. (MASA)|ECOPETROL VRC ADMINISTRACION|1114.42|126|4|45.52|13.69|25.54|
ECOPETROL VRC-RIO CASABE|KYX722|Mecanicos Asociados S.A. (MASA)|ECOPETROL VRC-RIO CASABE|1284.82|320|13|74.76|32.66|35.02|
JSL414|Mecanicos Asociados S.A. (MASA)||951.94|217|81|117.81|87.06||
GYU556|Mecanicos Asociados S.A. (MASA)||3063.91|260|26|92.84|27.68|66.94|
ENEL2024|WOO039|Mecanicos Asociados S.A. (MASA)|ENEL2024|1643.12|189|106|150.54|94.81|62.29|
LFZ655|Mecanicos Asociados S.A. (MASA)||676.25|248|22|72.8|39.51|25.8|
ECOPETROL VRC-MARES CENTRO|LHT899|Mecanicos Asociados S.A. (MASA)|ECOPETROL VRC-MARES CENTRO|3203.52|154|9|91.96|19.13|66.76|
RHurtado|GSN630|Mecanicos Asociados S.A. (MASA)|RHurtado|174.7|27|1|15.1|5.93|5.25|
ECOPETROL VRC-MARES CENTRO|KYZ107|Mecanicos Asociados S.A. (MASA)|ECOPETROL VRC-MARES CENTRO|2753.84|148|80|126.48|55.98|70.43|
ECOPETROL VRC-MARES CENTRO|KOX551|Mecanicos Asociados S.A. (MASA)|ECOPETROL VRC-MARES CENTRO|1763.29|231|25|87.26|35.48|44.98|
CERREJON SOLDADURA|KSP721|Mecanicos Asociados S.A. (MASA)|CERREJON SOLDADURA|0.31|2|1|0.65|0.63|0.21|
LHR751|Mecanicos Asociados S.A. (MASA)||1323.72|286|45|105.64|55.42|43.26|
RHurtado|KYZ101|Mecanicos Asociados S.A. (MASA)|RHurtado|879.17|357|83|118.62|81.61|43.52|
ECOPETROL VRC-MARES CENTRO|KYZ087|Mecanicos Asociados S.A. (MASA)|ECOPETROL VRC-MARES CENTRO|1246.1|146|39|71.35|33.01|34.41|
RHurtado|KYZ095|Mecanicos Asociados S.A. (MASA)|RHurtado|1408.08|202|7|52.88|16.22|31.92|
LHW500|Mecanicos Asociados S.A. (MASA)||1418.38|207|75|102.62|53.95|44.56|
ECOPETROL O&M RUBIALES|LUL085|Mecanicos Asociados S.A. (MASA)|ECOPETROL O&M RUBIALES|459.51|322|0|163.77|0|8.67|
LHL313|Mecanicos Asociados S.A. (MASA)||1080|139|9|51.81|21.42||
WOY414|Mecanicos Asociados S.A. (MASA)||0|2|0|0.14|0.14|0.05|
ECOPETROL VRC-MARES CENTRO|LHT107|Mecanicos Asociados S.A. (MASA)|ECOPETROL VRC-MARES CENTRO|2393.91|215|18|79.51|26.43|53.89|
ENEL2024|NFU546|Mecanicos Asociados S.A. (MASA)|ENEL2024|1876.33|233|10|71.73|19.92|41.98|
KOX201|Mecanicos Asociados S.A. (MASA)||2536.73|217|34|108.39|39.4|60.86|
ENEL2024|TCV93G|Mecanicos Asociados S.A. (MASA)|ENEL2024|2090.79|111|213|165.09|115.32|95.14|
CERREJON SOLDADURA|KSP715|Mecanicos Asociados S.A. (MASA)|CERREJON SOLDADURA|2603.96|318|222|256.83|169.56|105.09|
RHurtado|LHT869|Mecanicos Asociados S.A. (MASA)|RHurtado|2094.86|97|10|74.09|16.19|44.87|
WNL990|Mecanicos Asociados S.A. (MASA)||||||||
WNL996|Mecanicos Asociados S.A. (MASA)||||||||
UFX751|Mecanicos Asociados S.A. (MASA)||||||||
WNL994|Mecanicos Asociados S.A. (MASA)||||||||
DRUMMOND O&M Soldadura|WOY428|Mecanicos Asociados S.A. (MASA)|DRUMMOND O&M Soldadura|||||||
WOY421|Mecanicos Asociados S.A. (MASA)||||||||
WOY427|Mecanicos Asociados S.A. (MASA)||||||||
WOY418|Mecanicos Asociados S.A. (MASA)||||||||
TSX673|Mecanicos Asociados S.A. (MASA)||||||||
WOY420|Mecanicos Asociados S.A. (MASA)||||||||
TIM-005|Mecanicos Asociados S.A. (MASA)||||||||
TIM-003|Mecanicos Asociados S.A. (MASA)||||||||
TIM-013|Mecanicos Asociados S.A. (MASA)||||||||
ECOPETROL VRC-RIO CASABE|KOX549|Mecanicos Asociados S.A. (MASA)|ECOPETROL VRC-RIO CASABE|||||||
KOX567|Mecanicos Asociados S.A. (MASA)||||||||
WNL992|Mecanicos Asociados S.A. (MASA)||||||||
ECOPETROL O&M RUBIALES|LUL083|Mecanicos Asociados S.A. (MASA)|ECOPETROL O&M RUBIALES|||||||
ECOPETROL VRC-RIO CASABE|EQZ817|Mecanicos Asociados S.A. (MASA)|ECOPETROL VRC-RIO CASABE|||||||
ECOPETROL O&M RUBIALES|LUL081|Mecanicos Asociados S.A. (MASA)|ECOPETROL O&M RUBIALES|||||||
NQO493|Mecanicos Asociados S.A. (MASA)||||||||
ECOPETROL VRC CIRA|GHP401|Mecanicos Asociados S.A. (MASA)|ECOPETROL VRC CIRA|||||||
